Имя,Возраст,Зарплата,Занятость,Стаж работы,Подразделение,Пол
Дана,31.0,1043.46,Работает,1,Продажи,ж
Дана,47.0,,Не работает,0,Продажи,ж
Ербол,30.0,3767.4,Работает,10,IT,м
Ильяс,55.0,2256.2,Работает,7,Колл-центр,м
Ербол,,,Не работает,0,Продажи,м
Зауреш,,1902.1,Работает,,Колл-центр,ж
Дана,38.0,,Не работает,0,Колл-центр,ж
Айдана,22.0,,Не работает,0,Колл-центр,ж
Жансая,18.0,,Не работает,0,Продажи,ж
Жансая,43.0,,Работает,4,Продажи,ж
Асылхан,31.0,,Не работает,0,IT,м
Ербол,34.0,,Не работает,0,Колл-центр,м
Дана,33.0,,Работает,6,Продажи,ж
Айдана,42.0,964.8,Работает,10,Продажи,ж
Дана,41.0,,Не работает,0,Колл-центр,ж
Зауреш,25.0,644.8,Работает,0,Колл-центр,ж
Ильяс,59.0,2628.01,Работает,4,IT,м
Камшат,28.0,,Не работает,0,Колл-центр,ж
Асылхан,19.0,,Не работает,0,IT,м
Бауыржан,25.0,1515.7,Работает,6,Продажи,м
Дана,44.0,1616.16,Работает,2,IT,ж
Зауреш,34.0,,Не работает,0,Колл-центр,ж
Дана,36.0,1552.0,Работает,0,Продажи,ж
Жансая,37.0,1623.68,Работает,9,Колл-центр,ж
Дана,59.0,,Не работает,0,Колл-центр,ж
Айдана,27.0,,Не работает,0,Колл-центр,ж
Камшат,58.0,1673.48,Работает,9,IT,ж
Дана,41.0,,Не работает,0,IT,ж
Гульназ,26.0,,Не работает,0,Продажи,ж
Айдана,29.0,,Не работает,0,Продажи,ж
Ербол,39.0,,Не работает,0,Колл-центр,м
Бауыржан,54.0,1033.22,Работает,1,Колл-центр,м
Камшат,33.0,,Не работает,0,Колл-центр,ж
Ильяс,27.0,1483.38,Работает,9,Продажи,м
Гульназ,38.0,,Не работает,0,Продажи,ж
Айдана,,2961.95,Работает,6,IT,ж
Асылхан,40.0,,Не работает,0,Продажи,м
Ильяс,20.0,1943.92,Работает,1,Продажи,м
Асылхан,39.0,2682.5,Работает,1,IT,м
Айдана,20.0,1556.88,Работает,2,Продажи,ж
Жансая,34.0,3128.58,Работает,15,IT,ж
Асылхан,51.0,,Не работает,,IT,м
Асылхан,52.0,2598.54,Работает,12,Продажи,м
Ербол,,,Не работает,0,Колл-центр,м
Ильяс,35.0,,Не работает,0,Продажи,м
Ербол,,1328.6,Работает,0,IT,м
Камшат,21.0,,Не работает,0,IT,ж
Дана,,,Не работает,0,IT,ж
Ильяс,37.0,2315.62,Работает,6,Колл-центр,м
Айдана,41.0,,Не работает,0,Колл-центр,ж
Зауреш,45.0,,Не работает,0,Продажи,ж
Гульназ,52.0,,Не работает,0,IT,ж
Жансая,60.0,2409.68,Работает,15,IT,ж
Бауыржан,20.0,,Не работает,0,IT,м
Жансая,30.0,1284.35,Работает,8,Колл-центр,ж
Камшат,47.0,,Не работает,0,IT,ж
Айдана,27.0,,Не работает,0,Продажи,ж
Асылхан,57.0,,Не работает,0,Колл-центр,м
Камшат,41.0,,Не работает,0,IT,ж
Асылхан,30.0,,Не работает,0,IT,м
Дана,54.0,,Не работает,0,IT,ж
Ильяс,47.0,,Не работает,0,IT,м
Ильяс,54.0,,Не работает,0,IT,м
Асылхан,34.0,,Не работает,0,Колл-центр,м
Зауреш,60.0,,Не работает,0,Колл-центр,ж
Зауреш,31.0,,Не работает,0,Продажи,ж
Ильяс,42.0,3435.43,Работает,15,IT,м
Дана,55.0,993.57,Работает,11,Колл-центр,ж
Дана,55.0,2668.51,Работает,7,IT,ж
Ильяс,28.0,,Не работает,0,Колл-центр,м
Зауреш,41.0,,Не работает,0,Колл-центр,ж
Бауыржан,31.0,,Не работает,0,IT,м
Камшат,33.0,844.48,Работает,8,Продажи,ж
Жансая,40.0,,Не работает,0,Продажи,ж
Асылхан,48.0,1286.81,Работает,13,Колл-центр,м
Жансая,46.0,,Не работает,0,IT,ж
Бауыржан,59.0,,Не работает,0,Продажи,м
Ильяс,22.0,3485.01,Работает,4,IT,м
Ербол,24.0,,Не работает,0,Колл-центр,м
Ильяс,,2272.23,Работает,1,IT,м
Зауреш,30.0,1755.6,Работает,10,IT,ж
Айдана,22.0,,Не работает,0,IT,ж
Ильяс,48.0,2036.36,Работает,13,IT,м
Айдана,18.0,838.0,Работает,0,Продажи,ж
Бауыржан,36.0,1202.95,Работает,1,IT,м
Ильяс,34.0,2410.12,Работает,3,Продажи,м
Бауыржан,45.0,,Не работает,0,Колл-центр,м
Бауыржан,28.0,,Не работает,0,IT,м
Ильяс,44.0,,Работает,2,Колл-центр,м
Гульназ,59.0,,Не работает,0,Продажи,ж
Зауреш,,,Не работает,0,Колл-центр,ж
Ильяс,58.0,1931.13,Работает,3,IT,м
Зауреш,,2094.88,Работает,1,IT,ж
Жансая,59.0,,Не работает,0,Продажи,ж
Асылхан,20.0,902.74,Работает,1,Колл-центр,м
Гульназ,47.0,1711.08,Работает,13,IT,ж
Дана,19.0,2626.4,Работает,0,IT,ж
Ербол,22.0,2724.31,Работает,3,Продажи,м
Ербол,47.0,2637.18,Работает,13,IT,м
Камшат,26.0,,Не работает,,IT,ж
Гульназ,49.0,587.52,Работает,10,Колл-центр,ж
Дана,45.0,1372.81,Работает,9,IT,ж
Гульназ,28.0,,Не работает,0,Продажи,ж
Жансая,58.0,1776.0,Работает,10,Колл-центр,ж
Зауреш,24.0,,Не работает,0,IT,ж
Айдана,48.0,2278.47,Работает,11,IT,ж
Гульназ,21.0,1288.77,Работает,2,Колл-центр,ж
Ильяс,35.0,,Не работает,0,IT,м
Жансая,30.0,,Не работает,0,Продажи,ж
Жансая,56.0,1614.05,Работает,1,Колл-центр,ж
Ильяс,60.0,,Не работает,0,Колл-центр,м
Ильяс,40.0,1655.32,Работает,4,Продажи,м
Айдана,25.0,1164.24,Работает,5,Колл-центр,ж
Гульназ,18.0,,Не работает,0,IT,ж
Камшат,55.0,,Не работает,,IT,ж
Ербол,20.0,,Не работает,0,Колл-центр,м
Дана,49.0,1708.64,Работает,9,Продажи,ж
Зауреш,,,Не работает,0,Продажи,ж
Айдана,42.0,,Не работает,0,Продажи,ж
Айдана,49.0,1180.48,Работает,12,Продажи,ж
Жансая,18.0,,Не работает,0,Продажи,ж
Асылхан,55.0,2421.45,Работает,,Колл-центр,м
Камшат,49.0,,Не работает,0,Колл-центр,ж
Асылхан,36.0,1602.43,Работает,10,Колл-центр,м
Жансая,27.0,1181.4,Работает,5,Продажи,ж
Гульназ,29.0,,Не работает,0,IT,ж
Гульназ,60.0,1049.15,Работает,2,Колл-центр,ж
Дана,49.0,,Не работает,0,IT,ж
Зауреш,44.0,,Не работает,0,Колл-центр,ж
Айдана,55.0,1204.56,Работает,13,Колл-центр,ж
Жансая,34.0,,Не работает,0,Продажи,ж
Ильяс,24.0,1553.01,Работает,3,IT,м
Дана,27.0,995.55,Работает,3,Колл-центр,ж
Ильяс,58.0,,Не работает,0,IT,м
Айдана,44.0,,Не работает,0,Продажи,ж
Гульназ,,,Не работает,0,Продажи,ж
Бауыржан,56.0,,Не работает,0,IT,м
Ильяс,27.0,,Не работает,0,IT,м
Камшат,24.0,1588.03,Работает,4,Колл-центр,ж
Гульназ,41.0,951.0,Работает,0,Продажи,ж
Ербол,46.0,,Не работает,0,IT,м
Камшат,46.0,,Не работает,0,Продажи,ж
Асылхан,56.0,,Не работает,0,IT,м
Жансая,32.0,960.43,Работает,1,Колл-центр,ж
Жансая,26.0,,Не работает,0,Продажи,ж
Зауреш,43.0,,Не работает,0,Колл-центр,ж
Ильяс,59.0,1171.5,Работает,13,Колл-центр,м
Жансая,26.0,1286.21,Работает,8,Колл-центр,ж
Камшат,23.0,,Работает,2,Колл-центр,ж
Гульназ,60.0,935.44,Работает,5,Колл-центр,ж
Камшат,31.0,,Не работает,0,Продажи,ж
Гульназ,37.0,,Не работает,0,IT,ж
Ильяс,39.0,,Не работает,0,IT,м
Зауреш,39.0,,Не работает,,IT,ж
Ильяс,26.0,1875.18,Работает,3,Колл-центр,м
Айдана,33.0,1526.72,Работает,2,Продажи,ж
Дана,54.0,,Не работает,0,Колл-центр,ж
Ербол,18.0,,Не работает,0,Колл-центр,м
Ербол,60.0,,Не работает,0,Колл-центр,м
Гульназ,31.0,,Не работает,0,Продажи,ж
Камшат,,,Не работает,0,IT,ж
Ильяс,37.0,,Не работает,0,Колл-центр,м
Бауыржан,57.0,,Не работает,0,Продажи,м
Ильяс,34.0,,Не работает,0,IT,м
Айдана,47.0,1311.72,Работает,1,Продажи,ж
Ербол,30.0,,Не работает,0,Колл-центр,м
Ербол,49.0,2167.07,Работает,13,Продажи,м
Камшат,32.0,1002.54,Работает,5,IT,ж
Дана,47.0,,Не работает,0,Колл-центр,ж
Зауреш,56.0,1535.8,Работает,0,IT,ж
Жансая,58.0,774.18,Работает,1,Продажи,ж
Камшат,31.0,,Не работает,0,Продажи,ж
Зауреш,21.0,1066.72,Работает,1,IT,ж
Асылхан,60.0,,Не работает,0,Колл-центр,м
Бауыржан,42.0,,Не работает,0,IT,м
Бауыржан,22.0,1589.33,Работает,4,Продажи,м
Камшат,57.0,,Не работает,0,Колл-центр,ж
Бауыржан,31.0,2382.38,Работает,5,IT,м
Ильяс,28.0,893.46,Работает,5,Колл-центр,м
Ильяс,52.0,3713.71,Работает,5,IT,м
Ильяс,22.0,,Не работает,,Продажи,м
Дана,47.0,,Не работает,,Продажи,ж
Гульназ,31.0,1197.34,Работает,12,Колл-центр,ж
Бауыржан,20.0,2009.8,Работает,0,Продажи,м
Айдана,34.0,,Не работает,0,Продажи,ж
Гульназ,18.0,959.0,Работает,0,IT,ж
Зауреш,,,Не работает,0,Колл-центр,ж
Зауреш,34.0,2297.68,Работает,5,IT,ж
Ильяс,30.0,2511.08,Работает,5,Продажи,м
Ильяс,47.0,,Не работает,0,IT,м
Бауыржан,58.0,3152.31,Работает,3,IT,м
Бауыржан,26.0,1963.35,Работает,7,Колл-центр,м
Ербол,34.0,,Не работает,0,Колл-центр,м
Айдана,25.0,,Не работает,0,Колл-центр,ж
Дана,,,Работает,0,Продажи,ж
Бауыржан,57.0,1897.13,Работает,,Колл-центр,м
Дана,42.0,2466.8,Работает,0,IT,ж
Камшат,43.0,,Не работает,0,Колл-центр,ж
Ербол,24.0,2976.06,Работает,6,IT,м
Бауыржан,22.0,,Не работает,0,IT,м
Зауреш,41.0,1200.77,Работает,9,Колл-центр,ж
Зауреш,52.0,2410.27,Работает,9,IT,ж
Камшат,31.0,,Не работает,0,Колл-центр,ж
Ильяс,44.0,1242.54,Работает,4,Продажи,м
Ербол,31.0,2548.0,Работает,0,IT,м
Асылхан,33.0,2361.53,Работает,8,Продажи,м
Жансая,43.0,776.6,Работает,5,Продажи,ж
Гульназ,50.0,,Не работает,0,IT,ж
Ербол,45.0,1854.3,Работает,9,Колл-центр,м
Зауреш,32.0,1881.82,Работает,12,IT,ж
Айдана,24.0,,Работает,2,IT,ж
Гульназ,31.0,,Не работает,0,Продажи,ж
Бауыржан,59.0,2356.8,Работает,11,Продажи,м
Ильяс,55.0,,Не работает,0,IT,м
Гульназ,51.0,,Не работает,0,IT,ж
Ербол,29.0,,Не работает,0,IT,м
Ербол,49.0,1318.2,Работает,,Продажи,м
Ербол,21.0,2510.12,Работает,1,Продажи,м
Гульназ,24.0,604.0,Работает,0,Продажи,ж
Ербол,38.0,,Не работает,0,Колл-центр,м
Жансая,48.0,653.0,Работает,0,Продажи,ж
Гульназ,42.0,2503.31,Работает,12,IT,ж
Гульназ,33.0,913.92,Работает,6,Продажи,ж
Жансая,54.0,,Не работает,0,IT,ж
Зауреш,52.0,,Не работает,0,Колл-центр,ж
Асылхан,55.0,3184.05,Работает,11,IT,м
Дана,22.0,1236.24,Работает,,Продажи,ж
Камшат,55.0,1344.42,Работает,13,Продажи,ж
Жансая,44.0,,Не работает,0,Колл-центр,ж
Айдана,40.0,,Работает,9,Продажи,ж
Айдана,,1268.82,Работает,3,Продажи,ж
Айдана,56.0,1515.9,Работает,,Колл-центр,ж
Зауреш,58.0,,Не работает,0,IT,ж
Айдана,32.0,2937.82,Работает,8,IT,ж
Жансая,19.0,,Не работает,0,Продажи,ж
Зауреш,19.0,2202.2,Работает,0,IT,ж
Зауреш,21.0,,Не работает,0,Колл-центр,ж
Зауреш,31.0,1727.52,Работает,9,Продажи,ж
Жансая,52.0,,Не работает,0,Продажи,ж
Айдана,29.0,,Не работает,0,Колл-центр,ж
Асылхан,45.0,,Не работает,0,IT,м
Асылхан,54.0,1407.08,Работает,6,Колл-центр,м
Ильяс,36.0,,Не работает,0,Колл-центр,м
Гульназ,44.0,,Не работает,0,Продажи,ж
Асылхан,54.0,3350.37,Работает,13,IT,м
Ербол,52.0,2461.15,Работает,9,IT,м
Бауыржан,37.0,,Не работает,0,Колл-центр,м
Зауреш,57.0,,Не работает,0,IT,ж
Зауреш,54.0,997.92,Работает,4,Колл-центр,ж
Ильяс,38.0,3011.48,Работает,3,IT,м
Асылхан,22.0,1142.96,Работает,0,IT,м
Дана,59.0,,Не работает,0,Колл-центр,ж
Дана,38.0,1493.28,Работает,11,Продажи,ж
Дана,,975.36,Работает,14,Продажи,ж
Зауреш,34.0,,Не работает,0,IT,ж
Камшат,35.0,1842.4,Работает,0,IT,ж
Айдана,22.0,,Не работает,0,IT,ж
Ильяс,51.0,,Не работает,0,IT,м
Бауыржан,22.0,,Не работает,0,Колл-центр,м
Айдана,42.0,,Не работает,0,Продажи,ж
Зауреш,60.0,882.14,Работает,4,Колл-центр,ж
Ербол,38.0,,Не работает,0,Колл-центр,м
Зауреш,28.0,,Не работает,0,Колл-центр,ж
Дана,30.0,2005.08,Работает,5,IT,ж
Дана,39.0,2483.0,Работает,15,Продажи,ж
Камшат,28.0,,Не работает,0,IT,ж
Жансая,47.0,1432.32,Работает,10,Колл-центр,ж
Ербол,57.0,,Не работает,0,Продажи,м
Камшат,39.0,3101.28,Работает,,IT,ж
Бауыржан,54.0,,Не работает,0,Колл-центр,м
Асылхан,45.0,,Не работает,0,IT,м
Камшат,41.0,2226.66,Работает,9,Продажи,ж
Асылхан,49.0,1074.84,Работает,3,Продажи,м
Жансая,21.0,717.41,Работает,,Колл-центр,ж
Айдана,56.0,2002.22,Работает,9,IT,ж
Асылхан,40.0,1796.08,Работает,5,Продажи,м
Бауыржан,21.0,,Не работает,0,Колл-центр,м
Ербол,53.0,2588.04,Работает,10,IT,м
Жансая,42.0,,Не работает,0,Продажи,ж
Дана,19.0,,Не работает,0,IT,ж
Бауыржан,38.0,,Не работает,0,Продажи,м
Гульназ,40.0,1919.79,Работает,11,Колл-центр,ж
Жансая,42.0,,Не работает,0,Колл-центр,ж
Гульназ,58.0,,Не работает,0,Продажи,ж
Айдана,51.0,2603.66,Работает,13,IT,ж
Бауыржан,32.0,,Не работает,0,Колл-центр,м
Дана,19.0,,Не работает,0,Колл-центр,ж
Асылхан,56.0,,Не работает,0,Колл-центр,м
Гульназ,25.0,,Не работает,0,Колл-центр,ж
Ильяс,35.0,1808.09,Работает,8,Продажи,м
Айдана,36.0,,Не работает,0,Колл-центр,ж
Камшат,39.0,1450.4,Работает,0,IT,ж
Бауыржан,28.0,,Не работает,0,Колл-центр,м
Камшат,26.0,826.61,Работает,1,Колл-центр,ж
Жансая,44.0,1029.18,Работает,1,Продажи,ж
Жансая,36.0,,Не работает,0,Продажи,ж
Зауреш,47.0,,Не работает,0,Колл-центр,ж
Ербол,50.0,1936.77,Работает,13,Колл-центр,м
Асылхан,59.0,,Не работает,0,Колл-центр,м
Бауыржан,42.0,847.7,Работает,7,Колл-центр,м
Зауреш,18.0,898.8,Работает,0,IT,ж
Зауреш,35.0,,Не работает,0,IT,ж
Ильяс,39.0,,Не работает,0,Продажи,м
Дана,34.0,,Не работает,0,IT,ж
Жансая,54.0,1449.98,Работает,9,Колл-центр,ж
Ильяс,51.0,,Не работает,0,Колл-центр,м
Ербол,31.0,,Не работает,0,Продажи,м
Жансая,33.0,,Не работает,0,Продажи,ж
Дана,27.0,,Не работает,0,IT,ж
Зауреш,36.0,,Не работает,0,Колл-центр,ж
Ербол,,,Работает,3,IT,м
Айдана,26.0,,Не работает,,Колл-центр,ж
Бауыржан,40.0,,Не работает,0,Продажи,м
Асылхан,26.0,2632.88,Работает,2,IT,м
Бауыржан,57.0,,Не работает,0,Продажи,м
Гульназ,48.0,,Не работает,0,IT,ж
Ильяс,44.0,4382.71,Работает,12,IT,м
Дана,35.0,734.16,Работает,,Колл-центр,ж
Ильяс,26.0,784.99,Работает,1,Колл-центр,м
Зауреш,24.0,1086.05,Работает,4,Колл-центр,ж
Айдана,,1340.56,Работает,2,Продажи,ж
Гульназ,58.0,,Не работает,0,Продажи,ж
Жансая,20.0,,Не работает,0,IT,ж
Ильяс,51.0,,Не работает,0,Продажи,м
Ильяс,55.0,2073.34,Работает,14,Продажи,м
Камшат,37.0,,Не работает,,Колл-центр,ж
Бауыржан,54.0,1479.95,Работает,8,IT,м
Жансая,40.0,,Не работает,0,Колл-центр,ж
Бауыржан,,,Не работает,0,Колл-центр,м
Ербол,57.0,,Не работает,0,IT,м
Гульназ,31.0,,Не работает,0,Продажи,ж
Асылхан,36.0,,Не работает,0,Колл-центр,м
Дана,48.0,,Не работает,0,Колл-центр,ж
Дана,20.0,,Не работает,,Продажи,ж
Айдана,,,Не работает,0,IT,ж
Ербол,23.0,,Не работает,0,IT,м
Дана,26.0,2325.4,Работает,5,IT,ж
Бауыржан,40.0,1748.76,Работает,10,Продажи,м
Асылхан,31.0,1873.37,Работает,1,Колл-центр,м
Бауыржан,51.0,2272.92,Работает,12,Продажи,м
Асылхан,19.0,1243.79,Работает,1,IT,м
Гульназ,34.0,,Не работает,0,Продажи,ж
Камшат,43.0,1465.6,Работает,,Продажи,ж
Гульназ,46.0,,Не работает,0,Колл-центр,ж
Асылхан,41.0,1420.76,Работает,6,IT,м
Айдана,31.0,,Не работает,,Колл-центр,ж
Дана,39.0,,Не работает,0,Колл-центр,ж
Дана,,,Не работает,0,IT,ж
Бауыржан,27.0,,Работает,9,Колл-центр,м
Бауыржан,28.0,2524.34,Работает,0,IT,м
Асылхан,56.0,1565.7,Работает,11,Колл-центр,м
Камшат,37.0,,Не работает,0,Продажи,ж
Ильяс,48.0,,Не работает,0,Продажи,м
Бауыржан,28.0,3073.91,Работает,8,IT,м
Айдана,25.0,,Не работает,0,Продажи,ж
Ильяс,,969.11,Работает,2,Колл-центр,м
Гульназ,32.0,1418.56,Работает,12,Колл-центр,ж
Камшат,25.0,,Не работает,0,IT,ж
Дана,45.0,,Не работает,0,Колл-центр,ж
Дана,33.0,,Не работает,0,Колл-центр,ж
Зауреш,39.0,843.6,Работает,7,Колл-центр,ж
Айдана,51.0,1488.96,Работает,10,Колл-центр,ж
Камшат,55.0,1182.96,Работает,3,Продажи,ж
Камшат,30.0,,Не работает,0,IT,ж
Ербол,52.0,3991.92,Работает,7,IT,м
Гульназ,35.0,2063.26,Работает,11,IT,ж
Айдана,57.0,,Не работает,0,IT,ж
Камшат,46.0,796.32,Работает,6,Продажи,ж
Зауреш,25.0,3051.33,Работает,6,IT,ж
Бауыржан,24.0,2984.95,Работает,2,IT,м
Зауреш,50.0,,Не работает,0,Колл-центр,ж
Гульназ,25.0,1082.0,Работает,0,Продажи,ж
Зауреш,53.0,,Не работает,0,Колл-центр,ж
Бауыржан,47.0,,Не работает,0,IT,м
Жансая,30.0,1307.84,Работает,11,Колл-центр,ж
Ильяс,44.0,1094.68,Работает,3,Колл-центр,м
Ильяс,49.0,,Не работает,0,Колл-центр,м
Бауыржан,35.0,,Не работает,0,Продажи,м
Ербол,28.0,2559.7,Работает,5,Продажи,м
Ильяс,21.0,,Не работает,,Продажи,м
Ильяс,49.0,3769.66,Работает,3,IT,м
Дана,25.0,,Не работает,0,Колл-центр,ж
Дана,56.0,1088.72,Работает,12,Продажи,ж
Ильяс,48.0,,Не работает,0,IT,м
Жансая,45.0,,Не работает,0,Колл-центр,ж
Зауреш,42.0,,Не работает,0,Продажи,ж
Зауреш,48.0,952.27,Работает,1,Колл-центр,ж
Ильяс,23.0,1073.78,Работает,4,Колл-центр,м
Ербол,54.0,1726.67,Работает,,Колл-центр,м
Жансая,19.0,1557.54,Работает,1,Продажи,ж
Ильяс,26.0,1009.84,Работает,0,Колл-центр,м
Асылхан,45.0,,Не работает,,Колл-центр,м
Жансая,26.0,1867.8,Работает,5,Продажи,ж
Бауыржан,27.0,,Не работает,0,IT,м
Бауыржан,29.0,,Не работает,0,IT,м
Ильяс,40.0,921.21,Работает,7,Колл-центр,м
Бауыржан,18.0,,Не работает,0,Продажи,м
Дана,35.0,,Не работает,0,IT,ж
Асылхан,35.0,2236.17,Работает,12,Колл-центр,м
Гульназ,33.0,1072.26,Работает,13,Продажи,ж
Бауыржан,50.0,2155.28,Работает,1,IT,м
Ербол,37.0,,Не работает,0,Продажи,м
Айдана,58.0,,Не работает,0,Колл-центр,ж
Асылхан,41.0,2848.66,Работает,2,IT,м
Айдана,59.0,,Не работает,0,IT,ж
Айдана,22.0,1970.54,Работает,3,Продажи,ж
Дана,28.0,1186.74,Работает,7,Продажи,ж
Ербол,58.0,931.53,Работает,3,Колл-центр,м
Айдана,53.0,,Не работает,0,IT,ж
Ербол,23.0,,Не работает,0,Колл-центр,м
Камшат,25.0,,Не работает,0,IT,ж
Ербол,48.0,,Работает,13,Продажи,м
Жансая,44.0,,Не работает,0,Продажи,ж
Айдана,30.0,,Работает,3,Продажи,ж
Ербол,24.0,1304.14,Работает,2,IT,м
Камшат,41.0,,Не работает,0,Продажи,ж
Бауыржан,18.0,1047.28,Работает,0,Колл-центр,м
Ильяс,53.0,,Не работает,,Продажи,м
Зауреш,26.0,1662.75,Работает,2,IT,ж
Ербол,41.0,1679.64,Работает,6,IT,м
Айдана,51.0,,Не работает,0,Колл-центр,ж
Гульназ,22.0,,Не работает,0,Колл-центр,ж
Ильяс,42.0,962.46,Работает,14,Колл-центр,м
Бауыржан,29.0,,Не работает,0,IT,м
Ербол,27.0,927.39,Работает,3,Продажи,м
Камшат,23.0,1677.31,Работает,2,IT,ж
Ербол,59.0,2026.75,Работает,8,Продажи,м
Бауыржан,18.0,,Не работает,0,Продажи,м
Гульназ,50.0,,Не работает,0,Продажи,ж
Гульназ,32.0,,Не работает,0,Продажи,ж
Асылхан,34.0,2240.42,Работает,0,IT,м
Асылхан,41.0,3615.54,Работает,,IT,м
Зауреш,42.0,,Не работает,0,Колл-центр,ж
Камшат,,,Не работает,0,Продажи,ж
Гульназ,44.0,,Не работает,0,Колл-центр,ж
Айдана,47.0,,Не работает,,IT,ж
Камшат,55.0,,Не работает,0,IT,ж
Айдана,,1356.53,Работает,9,Колл-центр,ж
Ильяс,56.0,,Не работает,,IT,м
Айдана,34.0,583.68,Работает,10,Колл-центр,ж
Ильяс,35.0,1614.41,Работает,13,IT,м
Бауыржан,59.0,,Не работает,0,Продажи,м
Ильяс,57.0,,Работает,15,Колл-центр,м
Айдана,19.0,,Не работает,0,IT,ж
Дана,41.0,,Не работает,0,IT,ж
Жансая,22.0,1577.8,Работает,0,IT,ж
Камшат,58.0,,Не работает,,IT,ж
Асылхан,24.0,,Не работает,0,Колл-центр,м
Асылхан,37.0,,Не работает,0,IT,м
Ербол,22.0,2328.54,Работает,3,IT,м
Айдана,30.0,,Не работает,0,Колл-центр,ж
Ильяс,24.0,,Не работает,0,Колл-центр,м
Бауыржан,45.0,1694.26,Работает,5,Колл-центр,м
Бауыржан,28.0,,Не работает,0,Продажи,м
Дана,42.0,1655.54,Работает,9,Продажи,ж
Бауыржан,35.0,1997.09,Работает,11,Колл-центр,м
Зауреш,53.0,,Не работает,0,Колл-центр,ж
Камшат,52.0,1840.38,Работает,2,IT,ж
Ербол,20.0,,Не работает,0,Колл-центр,м
Айдана,34.0,,Не работает,0,Колл-центр,ж
Зауреш,27.0,,Не работает,0,IT,ж
Жансая,20.0,,Не работает,0,Продажи,ж
Жансая,35.0,1845.37,Работает,12,IT,ж
Ербол,43.0,,Работает,3,Колл-центр,м
Дана,18.0,2721.6,Работает,0,IT,ж
Камшат,33.0,,Не работает,0,Продажи,ж
Айдана,31.0,1461.1,Работает,3,Колл-центр,ж
Гульназ,36.0,,Не работает,0,Колл-центр,ж
Гульназ,40.0,,Не работает,0,Колл-центр,ж
Бауыржан,34.0,1473.62,Работает,8,IT,м
Бауыржан,24.0,1558.44,Работает,4,Продажи,м
Асылхан,50.0,,Не работает,0,Колл-центр,м
Дана,30.0,1746.36,Работает,4,IT,ж
Гульназ,59.0,,Не работает,,Колл-центр,ж
Дана,40.0,,Не работает,0,IT,ж
Гульназ,23.0,1038.8,Работает,3,Продажи,ж
Асылхан,39.0,2937.61,Работает,9,Продажи,м
Айдана,52.0,,Не работает,0,Продажи,ж
Ильяс,30.0,2298.66,Работает,0,IT,м
Дана,24.0,1268.82,Работает,3,Продажи,ж
Гульназ,49.0,,Не работает,0,Колл-центр,ж
Гульназ,29.0,1754.3,Работает,,Продажи,ж
Жансая,40.0,,Не работает,0,IT,ж
Асылхан,41.0,,Не работает,0,Продажи,м
Жансая,60.0,590.4,Работает,0,Колл-центр,ж
Бауыржан,51.0,1886.46,Работает,5,Колл-центр,м
Айдана,42.0,,Не работает,,IT,ж
Ильяс,29.0,,Не работает,0,Продажи,м
Дана,55.0,986.0,Работает,0,Продажи,ж
Ербол,31.0,,Не работает,0,Колл-центр,м
Жансая,28.0,845.9,Работает,5,Продажи,ж
Зауреш,,2278.08,Работает,,IT,ж
Ербол,35.0,,Не работает,0,IT,м
Асылхан,,,Не работает,0,IT,м
Дана,24.0,1287.1,Работает,2,IT,ж
Бауыржан,53.0,,Не работает,0,Продажи,м
Жансая,39.0,780.84,Работает,4,Продажи,ж
Камшат,24.0,,Не работает,0,IT,ж
Бауыржан,24.0,,Не работает,0,Колл-центр,м
Камшат,40.0,1472.69,Работает,4,IT,ж
Асылхан,19.0,,Не работает,0,IT,м
Айдана,46.0,,Не работает,0,Колл-центр,ж
Гульназ,22.0,,Не работает,0,IT,ж
Бауыржан,59.0,3770.02,Работает,13,IT,м
Бауыржан,52.0,919.49,Работает,5,Продажи,м
Айдана,60.0,1748.32,Работает,6,IT,ж
Камшат,38.0,,Не работает,0,IT,ж
Бауыржан,18.0,1736.8,Работает,0,Колл-центр,м
Айдана,56.0,2551.81,Работает,14,IT,ж
Гульназ,23.0,1878.24,Работает,2,Продажи,ж
Зауреш,29.0,870.0,Работает,10,Продажи,ж
Айдана,50.0,1573.44,Работает,10,Колл-центр,ж
Ильяс,35.0,,Не работает,0,IT,м
Ильяс,,,Не работает,0,Колл-центр,м
Бауыржан,47.0,,Не работает,0,Продажи,м
Гульназ,32.0,,Не работает,0,Колл-центр,ж
Гульназ,45.0,,Не работает,0,Продажи,ж
Дана,32.0,,Не работает,0,IT,ж
Камшат,23.0,651.2,Работает,0,Колл-центр,ж
Гульназ,18.0,1318.0,Работает,0,Продажи,ж
Ербол,46.0,2290.58,Работает,7,IT,м
Асылхан,55.0,1815.06,Работает,15,Продажи,м
Ербол,56.0,,Не работает,0,Продажи,м
Асылхан,19.0,,Не работает,0,IT,м
Камшат,21.0,,Не работает,0,IT,ж
Ербол,40.0,,Не работает,0,Колл-центр,м
Асылхан,34.0,3525.7,Работает,8,IT,м
Гульназ,45.0,,Не работает,0,Колл-центр,ж
Бауыржан,50.0,2819.54,Работает,10,IT,м
Ербол,24.0,,Не работает,0,Продажи,м
Бауыржан,50.0,2333.21,Работает,9,Продажи,м
Ербол,24.0,,Не работает,0,Колл-центр,м
Камшат,21.0,994.7,Работает,1,Колл-центр,ж
Камшат,20.0,1510.91,Работает,2,Колл-центр,ж
Зауреш,53.0,1680.76,Работает,1,IT,ж
Ербол,20.0,1551.68,Работает,0,Колл-центр,м
Бауыржан,21.0,1090.5,Работает,1,Колл-центр,м
Ербол,27.0,1149.2,Работает,2,Продажи,м
Ербол,,,Не работает,0,Колл-центр,м
Бауыржан,50.0,,Не работает,0,Колл-центр,м
Камшат,53.0,770.56,Работает,14,Продажи,ж
Айдана,46.0,918.32,Работает,2,Продажи,ж
Зауреш,60.0,1724.69,Работает,8,IT,ж
Камшат,43.0,1420.8,Работает,0,Колл-центр,ж
Камшат,29.0,,Не работает,0,IT,ж
Дана,22.0,,Не работает,0,Колл-центр,ж
Жансая,53.0,1774.61,Работает,11,IT,ж
Дана,35.0,,Не работает,0,Продажи,ж
Ильяс,50.0,,Не работает,0,Продажи,м
Дана,55.0,,Не работает,0,Продажи,ж
Зауреш,53.0,,Не работает,0,Продажи,ж
Ербол,25.0,662.48,Работает,,Колл-центр,м
Дана,59.0,,Не работает,0,IT,ж
Ербол,31.0,,Не работает,0,Колл-центр,м
Айдана,47.0,1177.0,Работает,0,Продажи,ж
Гульназ,25.0,,Не работает,0,IT,ж
Гульназ,54.0,1424.5,Работает,9,Колл-центр,ж
Бауыржан,49.0,918.22,Работает,4,Продажи,м
Ильяс,37.0,,Работает,6,IT,м
Зауреш,23.0,,Не работает,0,Продажи,ж
Дана,58.0,1496.88,Работает,,Продажи,ж
Бауыржан,59.0,,Не работает,0,Колл-центр,м
Дана,27.0,1495.32,Работает,1,Продажи,ж
Айдана,43.0,621.82,Работает,6,Колл-центр,ж
Гульназ,43.0,1114.96,Работает,5,Колл-центр,ж
Айдана,36.0,880.75,Работает,,Колл-центр,ж
Зауреш,30.0,1537.0,Работает,3,Продажи,ж
Айдана,34.0,,Не работает,0,Продажи,ж
Жансая,48.0,,Не работает,0,Продажи,ж
Асылхан,42.0,,Не работает,0,Колл-центр,м
Камшат,24.0,,Не работает,0,Продажи,ж
Айдана,43.0,,Не работает,0,Колл-центр,ж
Дана,30.0,,Не работает,0,Продажи,ж
Айдана,47.0,,Не работает,0,IT,ж
Ильяс,43.0,2569.69,Работает,13,Колл-центр,м
Камшат,36.0,2576.42,Работает,5,IT,ж
Зауреш,49.0,,Не работает,0,IT,ж
Ильяс,55.0,,Не работает,0,Продажи,м
Асылхан,60.0,1023.67,Работает,1,Продажи,м
Бауыржан,24.0,3530.44,Работает,3,IT,м
Асылхан,30.0,,Не работает,0,Колл-центр,м
Дана,56.0,718.21,Работает,12,Колл-центр,ж
Зауреш,48.0,,Не работает,0,Колл-центр,ж
Зауреш,50.0,1699.49,Работает,4,IT,ж
Ербол,58.0,,Не работает,0,Колл-центр,м
Зауреш,27.0,,Не работает,0,IT,ж
Айдана,38.0,1003.52,Работает,6,IT,ж
Зауреш,19.0,2213.4,Работает,1,IT,ж
Гульназ,45.0,2729.1,Работает,9,IT,ж
Бауыржан,24.0,,Не работает,0,Продажи,м
Асылхан,39.0,,Работает,15,Колл-центр,м
Зауреш,20.0,,Не работает,0,IT,ж
Ербол,23.0,,Работает,2,IT,м
Бауыржан,28.0,690.98,Работает,5,Колл-центр,м
Ильяс,55.0,2153.74,Работает,4,Продажи,м
Айдана,46.0,1152.22,Работает,3,Продажи,ж
Жансая,54.0,997.36,Работает,2,Продажи,ж
Ербол,56.0,1704.1,Работает,6,Колл-центр,м
Жансая,60.0,,Не работает,0,IT,ж
Ильяс,47.0,,Не работает,0,Продажи,м
Гульназ,53.0,1556.1,Работает,15,Продажи,ж
Айдана,49.0,,Не работает,0,Колл-центр,ж
Жансая,30.0,2332.8,Работает,10,Продажи,ж
Айдана,50.0,2084.38,Работает,7,IT,ж
Айдана,31.0,,Не работает,0,IT,ж
Ербол,30.0,1073.4,Работает,11,Колл-центр,м
Ербол,44.0,2865.41,Работает,6,Продажи,м
Ильяс,51.0,2487.89,Работает,4,Продажи,м
Бауыржан,,,Не работает,0,Продажи,м
Гульназ,43.0,,Не работает,0,Продажи,ж
Бауыржан,19.0,1396.72,Работает,0,Колл-центр,м
Ербол,55.0,,Не работает,0,Колл-центр,м
Камшат,29.0,,Не работает,0,Продажи,ж
Гульназ,48.0,2204.16,Работает,14,IT,ж
Ильяс,19.0,1636.18,Работает,0,IT,м
Жансая,57.0,1015.0,Работает,8,IT,ж
Зауреш,,,Не работает,0,Колл-центр,ж
Дана,59.0,,Не работает,0,Продажи,ж
Гульназ,56.0,1420.77,Работает,8,Колл-центр,ж
Дана,21.0,1332.8,Работает,0,Колл-центр,ж
Жансая,29.0,1545.6,Работает,10,Колл-центр,ж
Ербол,23.0,2413.48,Работает,4,Продажи,м
Айдана,45.0,,Не работает,0,Колл-центр,ж
Зауреш,52.0,1459.81,Работает,6,IT,ж
Гульназ,58.0,1736.96,Работает,9,Продажи,ж
Бауыржан,,,Не работает,0,IT,м
Ильяс,22.0,2071.96,Работает,3,IT,м
Жансая,19.0,1723.0,Работает,0,Продажи,ж
Асылхан,52.0,,Не работает,0,IT,м
Ильяс,53.0,,Не работает,0,Продажи,м
Ильяс,29.0,,Не работает,0,IT,м
Камшат,31.0,,Не работает,0,Продажи,ж
Жансая,34.0,,Не работает,0,IT,ж
Гульназ,36.0,1617.41,Работает,4,Колл-центр,ж
Ильяс,31.0,930.07,Работает,5,Колл-центр,м
Камшат,41.0,,Не работает,0,Колл-центр,ж
Зауреш,39.0,735.9,Работает,11,Колл-центр,ж
Ербол,56.0,,Не работает,0,IT,м
Бауыржан,18.0,686.4,Работает,0,Колл-центр,м
Дана,43.0,,Не работает,0,Колл-центр,ж
Ильяс,42.0,1908.04,Работает,4,Продажи,м
Ильяс,60.0,,Работает,4,Колл-центр,м
Жансая,50.0,,Не работает,,IT,ж
Ербол,54.0,2251.92,Работает,13,IT,м
Ербол,22.0,,Не работает,0,Продажи,м
Жансая,27.0,2170.56,Работает,6,Продажи,ж
Дана,23.0,1390.0,Работает,0,Продажи,ж
Дана,29.0,1455.3,Работает,5,IT,ж
Дана,20.0,,Не работает,0,Продажи,ж
Айдана,43.0,1903.33,Работает,8,IT,ж
Ербол,49.0,1136.43,Работает,8,Колл-центр,м
Ильяс,28.0,,Не работает,0,Продажи,м
Гульназ,59.0,1210.5,Работает,6,Колл-центр,ж
Дана,25.0,1168.16,Работает,6,IT,ж
Камшат,46.0,,Не работает,0,IT,ж
Ильяс,41.0,2249.96,Работает,1,IT,м
Ербол,20.0,,Не работает,0,Продажи,м
Дана,23.0,935.34,Работает,,IT,ж
Бауыржан,23.0,,Не работает,0,Колл-центр,м
Дана,25.0,1015.0,Работает,0,Продажи,ж
Жансая,48.0,2342.34,Работает,15,IT,ж
Дана,18.0,639.0,Работает,0,Продажи,ж
Камшат,41.0,2309.5,Работает,9,IT,ж
Асылхан,59.0,,Не работает,0,Продажи,м
Айдана,23.0,,Не работает,0,Колл-центр,ж
Камшат,45.0,,Работает,1,Колл-центр,ж
Ербол,48.0,,Не работает,0,Продажи,м
Зауреш,46.0,,Не работает,0,Колл-центр,ж
Асылхан,23.0,,Не работает,0,Продажи,м
Асылхан,51.0,,Работает,6,Продажи,м
Гульназ,29.0,1378.0,Работает,0,Продажи,ж
Ильяс,34.0,,Не работает,0,Колл-центр,м
Камшат,25.0,1534.68,Работает,4,Продажи,ж
Зауреш,51.0,2463.3,Работает,1,IT,ж
Ербол,27.0,3907.83,Работает,8,IT,м
Айдана,46.0,1541.74,Работает,13,IT,ж
Асылхан,51.0,2454.19,Работает,4,Продажи,м
Зауреш,31.0,,Работает,0,IT,ж
Асылхан,30.0,,Не работает,0,Колл-центр,м
Айдана,24.0,,Не работает,0,Продажи,ж
Ербол,22.0,1635.69,Работает,3,Продажи,м
Айдана,,,Не работает,,Продажи,ж
Ербол,42.0,,Не работает,0,Продажи,м
Асылхан,41.0,2675.58,Работает,11,Продажи,м
Дана,50.0,,Не работает,0,IT,ж
Дана,49.0,,Не работает,0,Продажи,ж
Асылхан,19.0,1551.68,Работает,0,Колл-центр,м
Асылхан,41.0,,Не работает,0,Продажи,м
Зауреш,46.0,1606.5,Работает,11,Колл-центр,ж
Ильяс,49.0,3360.67,Работает,3,IT,м
Асылхан,51.0,2093.18,Работает,3,IT,м
Бауыржан,35.0,,Не работает,0,Продажи,м
Ербол,50.0,1141.92,Работает,11,Колл-центр,м
Гульназ,55.0,,Не работает,0,Колл-центр,ж
Зауреш,36.0,1387.1,Работает,15,Продажи,ж
Жансая,54.0,1042.08,Работает,2,Продажи,ж
Бауыржан,36.0,2218.58,Работает,3,Продажи,м
Камшат,24.0,906.3,Работает,3,Продажи,ж
Гульназ,,1567.2,Работает,10,Продажи,ж
Ильяс,21.0,,Не работает,0,Колл-центр,м
Гульназ,49.0,1072.77,Работает,8,Колл-центр,ж
Дана,32.0,,Не работает,0,Продажи,ж
Камшат,45.0,,Не работает,0,Продажи,ж
Дана,37.0,1526.45,Работает,9,IT,ж
Ильяс,39.0,3921.23,Работает,,IT,м
Айдана,33.0,,Не работает,0,Продажи,ж
Жансая,37.0,,Не работает,,Продажи,ж
Бауыржан,28.0,,Не работает,0,Колл-центр,м
Бауыржан,58.0,,Не работает,0,IT,м
Зауреш,39.0,,Не работает,0,Колл-центр,ж
Гульназ,38.0,,Не работает,0,Колл-центр,ж
Ербол,22.0,914.41,Работает,1,Колл-центр,м
Айдана,34.0,,Не работает,0,Продажи,ж
Бауыржан,42.0,,Не работает,0,IT,м
Дана,35.0,,Не работает,0,Колл-центр,ж
Жансая,57.0,2496.26,Работает,14,IT,ж
Зауреш,51.0,,Не работает,0,IT,ж
Зауреш,39.0,,Не работает,0,IT,ж
Айдана,28.0,,Не работает,0,Продажи,ж
Ильяс,29.0,1350.09,Работает,4,Колл-центр,м
Зауреш,,1558.44,Работает,4,Продажи,ж
Гульназ,56.0,1922.5,Работает,12,Колл-центр,ж
Бауыржан,46.0,,Не работает,0,Продажи,м
Дана,,,Не работает,0,Колл-центр,ж
Жансая,29.0,603.2,Работает,0,Колл-центр,ж
Ильяс,22.0,,Не работает,0,Колл-центр,м
Ильяс,44.0,,Не работает,0,Продажи,м
Айдана,20.0,1322.0,Работает,0,Продажи,ж
Ильяс,32.0,,Не работает,0,Колл-центр,м
Камшат,36.0,703.04,Работает,2,Продажи,ж
Дана,49.0,853.89,Работает,6,Колл-центр,ж
Айдана,55.0,,Не работает,0,Колл-центр,ж
Айдана,56.0,,Не работает,0,Колл-центр,ж
Бауыржан,56.0,,Не работает,0,Колл-центр,м
Дана,39.0,,Не работает,0,Колл-центр,ж
Ильяс,39.0,2216.07,Работает,4,Колл-центр,м
Ербол,45.0,2137.26,Работает,13,Колл-центр,м
Дана,56.0,831.17,Работает,4,Колл-центр,ж
Дана,,772.92,Работает,7,Продажи,ж
Дана,20.0,909.0,Работает,0,Продажи,ж
Асылхан,45.0,1278.95,Работает,13,Колл-центр,м
Гульназ,59.0,,Не работает,0,Продажи,ж
Камшат,51.0,,Не работает,0,Колл-центр,ж
Гульназ,24.0,,Не работает,0,IT,ж
Ильяс,25.0,,Не работает,0,Продажи,м
Асылхан,34.0,,Не работает,0,IT,м
Жансая,27.0,,Не работает,0,Продажи,ж
Ильяс,51.0,3777.88,Работает,4,IT,м
Жансая,,,Не работает,0,Колл-центр,ж
Ильяс,39.0,,Не работает,0,IT,м
Айдана,,,Не работает,0,IT,ж
Бауыржан,40.0,,Не работает,0,Продажи,м
Зауреш,29.0,,Не работает,0,Продажи,ж
Жансая,59.0,1615.65,Работает,8,Колл-центр,ж
Асылхан,46.0,2044.22,Работает,10,IT,м
Ильяс,53.0,3131.13,Работает,5,IT,м
Ербол,30.0,,Не работает,0,IT,м
Асылхан,,3565.96,Работает,11,IT,м
Гульназ,55.0,1954.26,Работает,5,IT,ж
Асылхан,19.0,,Не работает,0,Колл-центр,м
Гульназ,55.0,1335.0,Работает,0,Продажи,ж
Дана,36.0,,Не работает,0,Колл-центр,ж
Дана,29.0,,Не работает,0,IT,ж
Ербол,,2432.19,Работает,12,Колл-центр,м
Гульназ,52.0,2905.31,Работает,11,IT,ж
Бауыржан,58.0,,Не работает,0,Колл-центр,м
Ербол,28.0,,Не работает,0,Продажи,м
Зауреш,18.0,,Не работает,0,Колл-центр,ж
Жансая,49.0,2932.94,Работает,8,IT,ж
Бауыржан,51.0,,Не работает,0,Продажи,м
Жансая,59.0,,Не работает,0,IT,ж
Гульназ,47.0,2828.95,Работает,4,IT,ж
Камшат,25.0,,Не работает,0,Продажи,ж
Бауыржан,18.0,2325.7,Работает,0,Продажи,м
Ербол,37.0,2004.16,Работает,3,Колл-центр,м
Зауреш,22.0,1970.14,Работает,4,IT,ж
Бауыржан,54.0,1751.72,Работает,7,Продажи,м
Ербол,47.0,,Не работает,0,IT,м
Жансая,57.0,,Не работает,0,IT,ж
Бауыржан,24.0,,Не работает,0,Колл-центр,м
Зауреш,59.0,1662.05,Работает,8,Колл-центр,ж
Зауреш,26.0,2088.07,Работает,4,IT,ж
Бауыржан,29.0,,Не работает,0,Колл-центр,м
Айдана,51.0,2149.56,Работает,13,Продажи,ж
Бауыржан,58.0,2030.9,Работает,1,IT,м
Асылхан,43.0,1596.07,Работает,8,IT,м
Айдана,19.0,,Не работает,0,Колл-центр,ж
Асылхан,28.0,2686.03,Работает,9,Продажи,м
Камшат,34.0,,Не работает,0,IT,ж
Камшат,49.0,,Не работает,,Колл-центр,ж
Зауреш,20.0,,Не работает,0,IT,ж
Зауреш,44.0,942.7,Работает,5,Продажи,ж
Зауреш,35.0,2732.18,Работает,4,IT,ж
Дана,29.0,,Не работает,0,IT,ж
Жансая,21.0,,Не работает,,IT,ж
Ербол,39.0,1100.74,Работает,13,Продажи,м
Зауреш,28.0,748.8,Работает,2,Колл-центр,ж
Ильяс,53.0,2386.42,Работает,,IT,м
Жансая,53.0,,Не работает,,Колл-центр,ж
Асылхан,34.0,2250.35,Работает,12,Колл-центр,м
Дана,30.0,,Не работает,0,Колл-центр,ж
Ербол,46.0,,Не работает,0,Колл-центр,м
Зауреш,41.0,691.98,Работает,11,Колл-центр,ж
Жансая,45.0,,Не работает,0,Продажи,ж
Ильяс,46.0,3407.48,Работает,8,IT,м
Асылхан,51.0,2468.79,Работает,13,Колл-центр,м
Гульназ,23.0,,Не работает,0,Колл-центр,ж
Камшат,29.0,,Не работает,0,Продажи,ж
Ербол,28.0,,Не работает,0,Продажи,м
Айдана,49.0,,Не работает,,IT,ж
Бауыржан,58.0,2175.58,Работает,7,Колл-центр,м
Асылхан,18.0,,Работает,0,IT,м
Ербол,39.0,2988.26,Работает,15,IT,м
Жансая,35.0,,Не работает,0,Колл-центр,ж
Дана,53.0,2651.04,Работает,10,IT,ж
Асылхан,49.0,1633.22,Работает,2,Колл-центр,м
Асылхан,23.0,1722.74,Работает,1,IT,м
Бауыржан,19.0,2775.5,Работает,0,IT,м
Зауреш,44.0,2465.54,Работает,5,IT,ж
Ильяс,51.0,,Не работает,0,IT,м
Асылхан,59.0,3555.55,Работает,10,IT,м
Камшат,44.0,,Не работает,0,Колл-центр,ж
Айдана,46.0,,Не работает,0,Продажи,ж
Ильяс,20.0,,Не работает,0,Колл-центр,м
Зауреш,56.0,,Не работает,0,Колл-центр,ж
Асылхан,53.0,,Не работает,,Продажи,м
Камшат,49.0,1054.3,Работает,15,Продажи,ж
Жансая,37.0,3370.64,Работает,15,IT,ж
Гульназ,28.0,1668.52,Работает,9,Продажи,ж
Дана,22.0,1325.8,Работает,0,IT,ж
Ильяс,51.0,1284.94,Работает,2,Колл-центр,м
Асылхан,55.0,1730.3,Работает,5,Продажи,м
Зауреш,24.0,,Не работает,0,Колл-центр,ж
Жансая,45.0,,Не работает,0,IT,ж
Айдана,27.0,,Работает,2,Продажи,ж
Асылхан,23.0,,Не работает,0,Колл-центр,м
Жансая,51.0,,Не работает,0,IT,ж
Бауыржан,42.0,1401.46,Работает,9,Колл-центр,м
Ербол,45.0,3483.48,Работает,10,IT,м
Ербол,29.0,2772.33,Работает,11,Продажи,м
Дана,26.0,,Не работает,0,IT,ж
Бауыржан,54.0,1264.21,Работает,1,IT,м
Бауыржан,,1555.84,Работает,0,Колл-центр,м
Жансая,24.0,,Не работает,0,IT,ж
Ербол,52.0,792.79,Работает,5,Колл-центр,м
Айдана,40.0,,Не работает,0,Колл-центр,ж
Ербол,49.0,2548.73,Работает,13,Продажи,м
Гульназ,44.0,,Не работает,0,IT,ж
Ербол,,,Не работает,0,Колл-центр,м
Бауыржан,24.0,,Не работает,0,Колл-центр,м
Асылхан,,2139.56,Работает,13,IT,м
Дана,48.0,1061.0,Работает,1,IT,ж
Дана,44.0,,Не работает,0,Продажи,ж
Зауреш,20.0,2753.3,Работает,2,IT,ж
Айдана,47.0,821.1,Работает,1,Продажи,ж
Камшат,38.0,1180.65,Работает,8,IT,ж
Дана,52.0,1267.28,Работает,12,Продажи,ж
Жансая,,1025.73,Работает,12,Колл-центр,ж
Жансая,52.0,,Не работает,0,Колл-центр,ж
Ильяс,47.0,2012.77,Работает,14,IT,м
Бауыржан,57.0,,Работает,7,Продажи,м
Ербол,27.0,,Не работает,0,IT,м
Ильяс,21.0,1134.0,Работает,1,Колл-центр,м
Бауыржан,35.0,,Не работает,0,IT,м
Ербол,32.0,939.24,Работает,3,Колл-центр,м
Ильяс,23.0,,Не работает,0,Колл-центр,м
Камшат,47.0,,Не работает,0,Продажи,ж
Ильяс,56.0,,Не работает,0,Продажи,м
Камшат,24.0,,Работает,3,Колл-центр,ж
Дана,22.0,,Не работает,0,IT,ж
Камшат,52.0,,Не работает,0,Продажи,ж
Зауреш,38.0,673.2,Работает,,Колл-центр,ж
Бауыржан,45.0,,Не работает,,IT,м
Дана,22.0,772.0,Работает,0,Продажи,ж
Дана,,,Не работает,0,Колл-центр,ж
Дана,29.0,1406.83,Работает,3,IT,ж
Айдана,45.0,1160.32,Работает,6,IT,ж
Ильяс,34.0,,Не работает,0,Продажи,м
Асылхан,41.0,,Не работает,0,IT,м
Дана,32.0,,Не работает,0,Колл-центр,ж
Бауыржан,,3430.12,Работает,3,IT,м
Асылхан,43.0,,Не работает,0,IT,м
Камшат,38.0,,Не работает,0,Колл-центр,ж
Айдана,29.0,,Не работает,0,Колл-центр,ж
Бауыржан,36.0,4116.4,Работает,14,IT,м
Дана,30.0,,Не работает,0,Продажи,ж
Зауреш,29.0,2102.83,Работает,3,IT,ж
Зауреш,52.0,1932.0,Работает,6,Продажи,ж
Камшат,59.0,,Не работает,0,Колл-центр,ж
Гульназ,34.0,1174.99,Работает,2,IT,ж
Зауреш,44.0,1790.8,Работает,5,Продажи,ж
Асылхан,40.0,,Не работает,,Продажи,м
Дана,24.0,1270.46,Работает,2,Колл-центр,ж
Ильяс,52.0,,Не работает,0,Колл-центр,м
Асылхан,39.0,,Не работает,0,IT,м
Ербол,21.0,3231.99,Работает,1,IT,м
Айдана,59.0,2036.96,Работает,8,Продажи,ж
Дана,22.0,,Не работает,0,IT,ж
Камшат,59.0,,Не работает,0,IT,ж
Бауыржан,,,Не работает,0,IT,м
Ербол,53.0,,Не работает,0,IT,м
Асылхан,35.0,,Не работает,0,Колл-центр,м
Ильяс,45.0,,Не работает,0,Продажи,м
Ербол,22.0,,Не работает,0,Колл-центр,м
Гульназ,23.0,1910.46,Работает,1,Продажи,ж
Ербол,40.0,3549.0,Работает,2,IT,м
Асылхан,23.0,,Не работает,0,IT,м
Ербол,54.0,,Не работает,0,IT,м
Гульназ,54.0,,Не работает,0,Продажи,ж
Гульназ,18.0,,Не работает,0,Колл-центр,ж
Асылхан,29.0,,Не работает,0,IT,м
Асылхан,28.0,,Не работает,0,IT,м
Жансая,41.0,2486.9,Работает,15,Продажи,ж
Зауреш,24.0,,Не работает,0,Колл-центр,ж
Бауыржан,24.0,,Не работает,0,Продажи,м
Ербол,44.0,,Не работает,0,Продажи,м
Айдана,53.0,1731.84,Работает,14,Продажи,ж
Зауреш,34.0,,Не работает,0,Продажи,ж
Камшат,43.0,,Не работает,0,Продажи,ж
Гульназ,30.0,3215.52,Работает,10,IT,ж
Асылхан,38.0,4121.06,Работает,8,IT,м
Айдана,57.0,,Не работает,0,Колл-центр,ж
Камшат,18.0,1296.0,Работает,0,Продажи,ж
Жансая,46.0,1162.94,Работает,4,Колл-центр,ж
Зауреш,42.0,2310.34,Работает,4,IT,ж
Гульназ,18.0,1083.6,Работает,0,IT,ж
Ербол,31.0,2365.27,Работает,7,Колл-центр,м
Ербол,33.0,4277.73,Работает,15,IT,м
Зауреш,56.0,1535.87,Работает,2,Колл-центр,ж
Бауыржан,60.0,2248.06,Работает,14,Продажи,м
Гульназ,52.0,1343.04,Работает,10,Колл-центр,ж
Асылхан,32.0,,Не работает,0,IT,м
Ербол,29.0,3585.55,Работает,6,IT,м
Жансая,42.0,,Не работает,0,Продажи,ж
Ербол,58.0,1452.72,Работает,15,IT,м
Гульназ,29.0,,Не работает,0,IT,ж
Жансая,42.0,2694.41,Работает,9,IT,ж
Ербол,53.0,,Не работает,0,Продажи,м
Бауыржан,53.0,4048.23,Работает,9,IT,м
Асылхан,48.0,1792.34,Работает,6,Продажи,м
Асылхан,32.0,,Не работает,0,Колл-центр,м
Камшат,19.0,2628.95,Работает,1,IT,ж
Камшат,56.0,1722.64,Работает,11,Колл-центр,ж
Ильяс,60.0,3527.52,Работает,5,IT,м
Камшат,54.0,,Не работает,0,IT,ж
Ильяс,20.0,,Не работает,0,Продажи,м
Ильяс,22.0,,Не работает,0,IT,м
Дана,37.0,,Не работает,0,Колл-центр,ж
Ильяс,21.0,,Не работает,0,IT,м
Камшат,25.0,1845.18,Работает,1,Продажи,ж
Бауыржан,56.0,,Не работает,0,Продажи,м
Дана,56.0,,Не работает,0,Продажи,ж
Жансая,18.0,,Не работает,0,IT,ж
Дана,41.0,,Не работает,0,Продажи,ж
Айдана,33.0,,Не работает,0,Колл-центр,ж
Зауреш,33.0,,Работает,,Продажи,ж
Зауреш,34.0,815.92,Работает,12,Продажи,ж
Камшат,38.0,,Не работает,0,Продажи,ж
Бауыржан,,4159.43,Работает,15,IT,м
Дана,35.0,1380.4,Работает,8,Продажи,ж
Асылхан,40.0,3106.74,Работает,0,IT,м
Бауыржан,36.0,1602.64,Работает,0,Колл-центр,м
Бауыржан,50.0,705.85,Работает,5,Колл-центр,м
Асылхан,38.0,,Не работает,0,Продажи,м
Асылхан,37.0,882.09,Работает,7,Колл-центр,м
Ильяс,42.0,2529.04,Работает,11,IT,м
Зауреш,54.0,1353.24,Работает,4,IT,ж
Ильяс,31.0,3031.61,Работает,13,IT,м
Асылхан,38.0,,Не работает,0,IT,м
Айдана,21.0,,Не работает,0,Продажи,ж
Асылхан,,,Не работает,0,Колл-центр,м
Жансая,23.0,,Не работает,0,Продажи,ж
Айдана,51.0,,Не работает,0,Продажи,ж
Камшат,51.0,926.35,Работает,13,Колл-центр,ж
Камшат,41.0,1058.4,Работает,0,Колл-центр,ж
Айдана,,893.52,Работает,1,Продажи,ж
Бауыржан,40.0,2135.58,Работает,12,Колл-центр,м
Жансая,52.0,,Не работает,0,Продажи,ж
Жансая,55.0,1863.68,Работает,2,IT,ж
Айдана,48.0,1210.68,Работает,,Продажи,ж
Жансая,31.0,587.42,Работает,8,Колл-центр,ж
Бауыржан,60.0,1786.47,Работает,14,Колл-центр,м
Жансая,34.0,1409.8,Работает,0,IT,ж
Гульназ,44.0,1183.78,Работает,9,Колл-центр,ж
Дана,37.0,2022.36,Работает,7,Продажи,ж
Зауреш,35.0,,Работает,4,IT,ж
Ербол,39.0,,Не работает,0,Продажи,м
Камшат,34.0,,Не работает,0,Продажи,ж
Ильяс,54.0,,Не работает,0,IT,м
Ербол,34.0,,Не работает,0,IT,м
Асылхан,60.0,2275.15,Работает,2,IT,м
Бауыржан,18.0,3461.64,Работает,0,IT,м
Зауреш,35.0,,Не работает,0,Продажи,ж
Ильяс,50.0,4306.12,Работает,15,IT,м
Асылхан,46.0,1910.56,Работает,4,Колл-центр,м
Айдана,42.0,2285.32,Работает,12,Продажи,ж
Жансая,54.0,2471.17,Работает,14,IT,ж
Бауыржан,36.0,,Не работает,0,Колл-центр,м
Зауреш,37.0,,Не работает,0,IT,ж
Ербол,23.0,2957.25,Работает,1,IT,м
Камшат,48.0,,Не работает,0,IT,ж
Ербол,49.0,4103.95,Работает,7,IT,м
Зауреш,24.0,1295.0,Работает,,IT,ж
Гульназ,59.0,1122.4,Работает,11,Колл-центр,ж
Айдана,56.0,2059.2,Работает,15,Колл-центр,ж
Айдана,,1607.4,Работает,7,Продажи,ж
Асылхан,44.0,1971.48,Работает,12,Продажи,м
Асылхан,50.0,1201.57,Работает,8,Колл-центр,м
Асылхан,28.0,,Не работает,0,IT,м
Бауыржан,52.0,,Не работает,0,Продажи,м
Жансая,36.0,1272.32,Работает,6,Колл-центр,ж
Жансая,19.0,,Не работает,0,Продажи,ж
Гульназ,28.0,1918.56,Работает,6,Продажи,ж
Ербол,40.0,,Не работает,0,IT,м
Бауыржан,54.0,,Работает,5,IT,м
Ильяс,37.0,1969.45,Работает,8,Продажи,м
Камшат,57.0,935.95,Работает,1,Колл-центр,ж
Бауыржан,20.0,1932.32,Работает,0,Колл-центр,м
Айдана,18.0,2048.2,Работает,0,IT,ж
Асылхан,18.0,,Не работает,0,Продажи,м
Зауреш,28.0,,Не работает,0,Продажи,ж
Гульназ,52.0,,Не работает,0,IT,ж
Дана,54.0,709.1,Работает,1,Колл-центр,ж
Гульназ,56.0,,Не работает,0,Продажи,ж
Ильяс,54.0,,Не работает,0,Продажи,м
Зауреш,31.0,1093.26,Работает,7,IT,ж
Айдана,25.0,,Не работает,0,Колл-центр,ж
Бауыржан,32.0,1440.36,Работает,14,Колл-центр,м
Дана,59.0,2422.42,Работает,15,IT,ж
Дана,56.0,1036.64,Работает,5,Колл-центр,ж
Ербол,41.0,,Не работает,0,Продажи,м
Камшат,52.0,,Не работает,0,IT,ж
Ербол,59.0,,Не работает,0,Колл-центр,м
Дана,53.0,922.8,Работает,10,Продажи,ж
Бауыржан,45.0,1016.12,Работает,9,Колл-центр,м
Ербол,45.0,1460.37,Работает,6,Продажи,м
Ербол,40.0,1763.84,Работает,14,Продажи,м
Ербол,43.0,,Не работает,0,Колл-центр,м
Бауыржан,49.0,2271.15,Работает,11,Колл-центр,м
Айдана,,,Не работает,0,IT,ж
Ильяс,35.0,,Не работает,0,Продажи,м
Жансая,47.0,,Не работает,,Продажи,ж
Ильяс,27.0,1780.29,Работает,1,IT,м
Зауреш,57.0,,Не работает,0,IT,ж
Айдана,42.0,826.11,Работает,6,Колл-центр,ж
Айдана,55.0,,Не работает,0,IT,ж
Гульназ,50.0,1355.1,Работает,3,Колл-центр,ж
Бауыржан,49.0,,Не работает,0,Колл-центр,м
Бауыржан,41.0,3640.4,Работает,3,IT,м
Камшат,22.0,,Не работает,0,Продажи,ж
Жансая,42.0,,Не работает,0,Продажи,ж
Дана,49.0,,Не работает,0,Продажи,ж
Камшат,43.0,,Не работает,0,IT,ж
Ербол,58.0,,Не работает,0,Продажи,м
Камшат,59.0,,Не работает,0,Колл-центр,ж
Айдана,31.0,,Не работает,0,IT,ж
Жансая,45.0,1299.48,Работает,15,IT,ж
Зауреш,41.0,1866.18,Работает,7,Продажи,ж
Камшат,32.0,1854.0,Работает,10,Продажи,ж
Дана,54.0,1831.87,Работает,8,Колл-центр,ж
Гульназ,52.0,,Не работает,0,Продажи,ж
Ербол,29.0,1110.2,Работает,0,Продажи,м
Жансая,43.0,,Не работает,0,IT,ж
Дана,19.0,1747.87,Работает,1,IT,ж
Бауыржан,60.0,,Не работает,0,IT,м
Айдана,43.0,,Не работает,0,Продажи,ж
Асылхан,40.0,,Не работает,0,Колл-центр,м
Асылхан,46.0,2380.34,Работает,4,IT,м
Камшат,25.0,,Не работает,0,Колл-центр,ж
Жансая,31.0,2060.58,Работает,11,Продажи,ж
Ербол,30.0,,Не работает,,IT,м
Гульназ,20.0,1105.73,Работает,2,Колл-центр,ж
Бауыржан,34.0,,Не работает,0,IT,м
Камшат,21.0,,Не работает,0,IT,ж
Асылхан,44.0,1169.0,Работает,8,Колл-центр,м
Камшат,60.0,,Не работает,0,Продажи,ж
Зауреш,31.0,1248.48,Работает,1,Продажи,ж
Ербол,42.0,3251.25,Работает,5,IT,м
Ильяс,32.0,1172.6,Работает,5,Продажи,м
Ильяс,28.0,,Не работает,0,Колл-центр,м
Жансая,,1643.52,Работает,10,Колл-центр,ж
Жансая,22.0,,Не работает,0,Колл-центр,ж
Дана,,,Не работает,0,Продажи,ж
Зауреш,39.0,,Не работает,0,Колл-центр,ж
Ильяс,32.0,,Не работает,0,Продажи,м
Дана,48.0,1738.24,Работает,6,Колл-центр,ж
Камшат,21.0,,Работает,1,Продажи,ж
Ильяс,31.0,,Не работает,0,IT,м
Камшат,55.0,,Не работает,0,IT,ж
Асылхан,52.0,,Не работает,0,Продажи,м
Камшат,43.0,1004.42,Работает,6,Колл-центр,ж
Ильяс,36.0,1699.46,Работает,15,Колл-центр,м
Гульназ,18.0,1859.2,Работает,0,IT,ж
Айдана,48.0,1987.44,Работает,15,IT,ж
Ербол,22.0,1996.9,Работает,2,IT,м
Зауреш,,,Не работает,0,IT,ж
Айдана,46.0,849.47,Работает,2,Колл-центр,ж
Жансая,49.0,,Не работает,0,Продажи,ж
Дана,42.0,,Не работает,0,IT,ж
Айдана,19.0,,Не работает,0,Продажи,ж
Камшат,59.0,,Не работает,0,Колл-центр,ж
Камшат,28.0,,Не работает,0,IT,ж
Камшат,35.0,1882.0,Работает,0,Продажи,ж
Жансая,21.0,1273.0,Работает,0,Продажи,ж
Камшат,43.0,1015.74,Работает,9,Колл-центр,ж
Асылхан,33.0,,Не работает,0,Колл-центр,м
Камшат,54.0,1364.99,Работает,14,Колл-центр,ж
Зауреш,23.0,,Не работает,0,Колл-центр,ж
Ильяс,32.0,1553.84,Работает,,IT,м
Зауреш,56.0,727.92,Работает,4,Продажи,ж
Жансая,21.0,887.22,Работает,3,Продажи,ж
Ильяс,21.0,2247.02,Работает,2,Продажи,м
Айдана,24.0,,Не работает,,IT,ж
Ильяс,21.0,2247.52,Работает,3,IT,м
Дана,38.0,2980.46,Работает,11,IT,ж
Ербол,53.0,1646.89,Работает,1,Продажи,м
Ильяс,49.0,,Не работает,0,Колл-центр,м
Зауреш,42.0,660.59,Работает,3,Колл-центр,ж
Зауреш,34.0,,Не работает,0,Продажи,ж
Зауреш,31.0,,Не работает,0,Продажи,ж
Ильяс,55.0,,Не работает,0,Колл-центр,м
Бауыржан,32.0,1061.05,Работает,2,Колл-центр,м
Ильяс,53.0,,Не работает,0,IT,м
Ербол,29.0,1791.79,Работает,5,IT,м
Бауыржан,25.0,,Не работает,0,Колл-центр,м
Бауыржан,44.0,,Не работает,0,Продажи,м
Гульназ,,925.6,Работает,0,Колл-центр,ж
Зауреш,19.0,,Не работает,0,Колл-центр,ж
Дана,34.0,,Не работает,0,Продажи,ж
Асылхан,27.0,,Работает,0,IT,м
Айдана,42.0,,Не работает,0,Колл-центр,ж
Зауреш,,2896.1,Работает,6,IT,ж
Ильяс,53.0,,Не работает,0,IT,м
Бауыржан,,1956.24,Работает,5,Колл-центр,м
Дана,38.0,2008.61,Работает,11,IT,ж
Ильяс,34.0,1502.09,Работает,9,Колл-центр,м
Айдана,55.0,,Не работает,0,IT,ж
Ербол,56.0,3012.78,Работает,,Продажи,м
Жансая,37.0,,Работает,1,IT,ж
Ербол,54.0,1514.24,Работает,15,IT,м
Бауыржан,29.0,,Не работает,0,IT,м
Ербол,41.0,,Не работает,0,Колл-центр,м
Камшат,57.0,,Не работает,0,Колл-центр,ж
Ербол,51.0,,Не работает,0,Колл-центр,м
Ильяс,39.0,,Не работает,0,Продажи,м
Бауыржан,39.0,1704.56,Работает,5,Продажи,м
Дана,30.0,,Не работает,0,IT,ж
Ильяс,50.0,,Не работает,0,Колл-центр,м
Айдана,,,Не работает,0,Продажи,ж
Зауреш,47.0,3194.97,Работает,9,IT,ж
Гульназ,38.0,2096.46,Работает,7,Продажи,ж
Ербол,34.0,1144.36,Работает,9,Продажи,м
Камшат,27.0,2017.01,Работает,4,IT,ж
Гульназ,23.0,1599.0,Работает,0,Продажи,ж
Зауреш,41.0,,Не работает,0,Продажи,ж
Бауыржан,19.0,,Не работает,0,Продажи,м
Зауреш,18.0,1407.2,Работает,0,Колл-центр,ж
Бауыржан,49.0,,Не работает,0,Продажи,м
Ильяс,29.0,,Не работает,0,IT,м
Ильяс,31.0,,Не работает,0,Продажи,м
Дана,55.0,1818.96,Работает,2,Продажи,ж
Зауреш,20.0,1486.16,Работает,2,Продажи,ж
Ербол,42.0,,Не работает,0,Колл-центр,м
Зауреш,24.0,1696.0,Работает,3,Продажи,ж
Асылхан,50.0,,Не работает,0,Продажи,м
Асылхан,42.0,2103.67,Работает,11,Колл-центр,м
Бауыржан,36.0,,Не работает,0,Продажи,м
Асылхан,38.0,2557.24,Работает,14,Колл-центр,м
Дана,60.0,862.4,Работает,0,Колл-центр,ж
Ербол,50.0,,Не работает,0,Продажи,м
Зауреш,58.0,2370.48,Работает,1,IT,ж
Гульназ,25.0,1276.24,Работает,3,IT,ж
Жансая,38.0,,Не работает,0,IT,ж
Камшат,46.0,,Не работает,0,IT,ж
Дана,35.0,,Не работает,0,Продажи,ж
Айдана,30.0,1877.26,Работает,3,Продажи,ж
Жансая,41.0,,Не работает,0,Колл-центр,ж
Камшат,52.0,2014.49,Работает,13,IT,ж
Асылхан,50.0,1083.29,Работает,15,Продажи,м
Камшат,35.0,,Не работает,0,Продажи,ж
Дана,47.0,,Не работает,0,IT,ж
Бауыржан,49.0,,Не работает,0,Продажи,м
Камшат,33.0,1909.44,Работает,10,Колл-центр,ж
Камшат,,,Не работает,0,Продажи,ж
Ербол,39.0,,Не работает,0,IT,м
Зауреш,,,Не работает,0,Продажи,ж
Жансая,58.0,,Не работает,0,Продажи,ж
Асылхан,50.0,,Не работает,0,Колл-центр,м
Айдана,29.0,,Не работает,0,IT,ж
Камшат,27.0,,Не работает,0,Продажи,ж
Зауреш,26.0,2114.87,Работает,1,IT,ж
Ильяс,18.0,,Не работает,0,Колл-центр,м
Асылхан,19.0,,Не работает,0,Продажи,м
Асылхан,27.0,,Не работает,0,IT,м
Гульназ,50.0,,Не работает,0,IT,ж
Зауреш,48.0,1909.24,Работает,1,IT,ж
Айдана,57.0,943.79,Работает,11,Колл-центр,ж
Жансая,27.0,,Не работает,0,IT,ж
Ильяс,39.0,,Не работает,0,Продажи,м
Асылхан,,,Не работает,0,IT,м
Гульназ,41.0,2617.89,Работает,,IT,ж
Ильяс,60.0,,Не работает,0,Колл-центр,м
Дана,34.0,,Не работает,0,IT,ж
Дана,22.0,,Не работает,0,Продажи,ж
Зауреш,41.0,1726.74,Работает,3,Продажи,ж
Гульназ,40.0,1953.0,Работает,,IT,ж
Асылхан,53.0,2305.73,Работает,8,Продажи,м
Зауреш,58.0,1913.76,Работает,4,Продажи,ж
Камшат,54.0,1124.24,Работает,2,Продажи,ж
Дана,26.0,951.48,Работает,4,Продажи,ж
Жансая,34.0,,Не работает,0,Продажи,ж
Зауреш,42.0,,Не работает,,IT,ж
Жансая,55.0,1800.21,Работает,9,Колл-центр,ж
Дана,23.0,1357.62,Работает,1,Продажи,ж
Гульназ,29.0,,Не работает,0,IT,ж
Ербол,,,Не работает,0,IT,м
Бауыржан,29.0,,Не работает,0,IT,м
Асылхан,34.0,,Не работает,0,IT,м
Дана,26.0,,Не работает,0,Колл-центр,ж
Бауыржан,21.0,,Не работает,0,IT,м
Айдана,32.0,,Не работает,0,Продажи,ж
Асылхан,42.0,1415.88,Работает,9,Продажи,м
Айдана,32.0,,Не работает,0,Колл-центр,ж
Айдана,49.0,,Не работает,0,IT,ж
Камшат,59.0,1945.56,Работает,12,Продажи,ж
Асылхан,42.0,,Не работает,0,IT,м
Бауыржан,24.0,,Не работает,,IT,м
Зауреш,52.0,,Не работает,0,Колл-центр,ж
Зауреш,51.0,,Не работает,0,Колл-центр,ж
Дана,51.0,,Не работает,0,Продажи,ж
Зауреш,55.0,,Не работает,0,Продажи,ж
Ильяс,22.0,,Не работает,0,IT,м
Ильяс,40.0,,Не работает,0,Продажи,м
Бауыржан,29.0,,Не работает,0,IT,м
Ербол,42.0,,Не работает,0,Продажи,м
Асылхан,49.0,2280.21,Работает,7,IT,м
Камшат,23.0,,Не работает,0,IT,ж
Бауыржан,40.0,,Не работает,0,Продажи,м
Жансая,42.0,,Не работает,0,Колл-центр,ж
Жансая,51.0,,Работает,8,Продажи,ж
Асылхан,,,Не работает,0,Колл-центр,м
Асылхан,39.0,,Не работает,0,Колл-центр,м
Асылхан,48.0,1566.79,Работает,3,Продажи,м
Зауреш,29.0,1499.4,Работает,0,IT,ж
Дана,32.0,2420.99,Работает,6,IT,ж
Айдана,25.0,,Работает,,IT,ж
Гульназ,28.0,,Не работает,0,Продажи,ж
Асылхан,29.0,,Не работает,0,Продажи,м
Айдана,30.0,,Не работает,0,Колл-центр,ж
Ербол,18.0,,Не работает,0,IT,м
Дана,47.0,,Не работает,0,IT,ж
Жансая,28.0,2300.51,Работает,1,IT,ж
Бауыржан,18.0,1108.9,Работает,0,Продажи,м
Ербол,52.0,,Не работает,0,IT,м
Жансая,,,Не работает,0,Продажи,ж
Жансая,25.0,,Не работает,0,Продажи,ж
Бауыржан,,1703.52,Работает,15,IT,м
Ербол,37.0,,Не работает,0,IT,м
Ильяс,36.0,,Не работает,0,IT,м
Жансая,60.0,2038.56,Работает,12,Продажи,ж
Ербол,20.0,,Не работает,0,IT,м
Асылхан,58.0,,Не работает,0,Продажи,м
Айдана,48.0,2235.32,Работает,8,Продажи,ж
Жансая,28.0,,Не работает,0,Продажи,ж
Айдана,20.0,,Не работает,0,Колл-центр,ж
Ильяс,49.0,2566.15,Работает,11,Продажи,м
Камшат,31.0,,Работает,5,Продажи,ж
Зауреш,45.0,1338.4,Работает,0,Колл-центр,ж
Ербол,54.0,1457.04,Работает,0,Колл-центр,м
Айдана,23.0,1300.2,Работает,5,Продажи,ж
Ербол,32.0,,Не работает,0,Продажи,м
Ильяс,60.0,1755.35,Работает,6,Колл-центр,м
Айдана,47.0,1117.98,Работает,12,Колл-центр,ж
Ильяс,30.0,,Не работает,0,Колл-центр,м
Дана,57.0,,Не работает,0,IT,ж
Асылхан,34.0,2161.02,Работает,5,Колл-центр,м
Бауыржан,,1062.36,Работает,10,Продажи,м
Камшат,52.0,1631.23,Работает,9,Колл-центр,ж
Бауыржан,44.0,,Не работает,0,Колл-центр,м
Зауреш,37.0,2963.55,Работает,3,IT,ж
Ербол,21.0,,Не работает,0,IT,м
Дана,47.0,,Не работает,0,IT,ж
Айдана,38.0,,Не работает,0,Продажи,ж
Дана,48.0,1835.52,Работает,14,Продажи,ж
Ильяс,56.0,1917.5,Работает,9,Продажи,м
Ильяс,34.0,3248.15,Работает,13,Продажи,м
Бауыржан,59.0,1877.59,Работает,,Продажи,м
Ильяс,52.0,,Не работает,0,IT,м
Айдана,32.0,,Не работает,0,Колл-центр,ж
Зауреш,23.0,,Не работает,,Продажи,ж
Дана,26.0,1540.24,Работает,2,Продажи,ж
Ербол,34.0,1705.02,Работает,4,Колл-центр,м
Зауреш,21.0,,Не работает,0,Продажи,ж
Камшат,31.0,,Не работает,0,IT,ж
Зауреш,26.0,1426.0,Работает,0,Продажи,ж
Асылхан,60.0,,Не работает,0,IT,м
Дана,28.0,1490.32,Работает,2,Продажи,ж
Бауыржан,19.0,,Не работает,0,Продажи,м
Гульназ,54.0,2634.94,Работает,5,IT,ж
Бауыржан,29.0,,Не работает,0,Продажи,м
Камшат,56.0,1459.01,Работает,1,Колл-центр,ж
Айдана,23.0,1166.26,Работает,2,IT,ж
Ильяс,20.0,,Не работает,0,IT,м
Ербол,24.0,,Не работает,0,Продажи,м
Камшат,40.0,,Не работает,0,IT,ж
Бауыржан,46.0,2152.33,Работает,4,Продажи,м
Ильяс,43.0,3152.24,Работает,0,IT,м
Жансая,59.0,,Не работает,0,IT,ж
Дана,30.0,,Не работает,0,Продажи,ж
Бауыржан,44.0,,Не работает,,IT,м
Зауреш,36.0,,Не работает,0,Продажи,ж
Ербол,26.0,,Не работает,0,Продажи,м
Ильяс,19.0,,Не работает,0,IT,м
Ербол,51.0,,Не работает,0,Колл-центр,м
Асылхан,42.0,,Не работает,0,Продажи,м
Ильяс,48.0,1882.58,Работает,11,Продажи,м
Дана,45.0,,Не работает,0,IT,ж
Асылхан,49.0,,Не работает,0,IT,м
Дана,54.0,975.2,Работает,3,Колл-центр,ж
Бауыржан,22.0,,Не работает,0,Продажи,м
Ильяс,21.0,,Не работает,0,Колл-центр,м
Бауыржан,35.0,,Не работает,0,IT,м
Жансая,,,Не работает,0,Колл-центр,ж
Гульназ,47.0,,Не работает,0,Колл-центр,ж
Асылхан,33.0,,Не работает,0,IT,м
Камшат,32.0,2552.32,Работает,14,Продажи,ж
Ербол,42.0,1657.73,Работает,3,Продажи,м
Камшат,48.0,1618.13,Работает,1,Колл-центр,ж
Айдана,45.0,,Не работает,0,IT,ж
Асылхан,32.0,828.92,Работает,4,Колл-центр,м
Айдана,,2281.44,Работает,10,IT,ж
Бауыржан,24.0,861.12,Работает,0,Колл-центр,м
Зауреш,39.0,,Не работает,0,Продажи,ж
Камшат,23.0,2461.96,Работает,,IT,ж
Айдана,46.0,1791.72,Работает,4,IT,ж
Асылхан,58.0,2571.44,Работает,8,IT,м
Дана,52.0,1102.59,Работает,9,Колл-центр,ж
Ильяс,53.0,,Не работает,0,IT,м
Айдана,26.0,1391.57,Работает,3,Колл-центр,ж
Дана,49.0,,Не работает,0,Колл-центр,ж
Ербол,39.0,,Не работает,0,Продажи,м
Ильяс,34.0,2820.82,Работает,5,IT,м
Асылхан,55.0,4579.99,Работает,14,IT,м
Дана,54.0,1500.91,Работает,13,Колл-центр,ж
Асылхан,26.0,,Не работает,,Колл-центр,м
Дана,30.0,1294.9,Работает,3,Колл-центр,ж
Зауреш,60.0,,Не работает,0,Продажи,ж
Асылхан,22.0,3121.3,Работает,0,IT,м
Асылхан,51.0,2189.68,Работает,13,Колл-центр,м
Камшат,39.0,2093.0,Работает,15,Продажи,ж
Жансая,26.0,,Не работает,0,IT,ж
Жансая,39.0,,Не работает,0,IT,ж
Ербол,29.0,,Работает,4,IT,м
Дана,36.0,1441.55,Работает,11,IT,ж
Зауреш,28.0,,Не работает,0,Продажи,ж
Ербол,57.0,,Не работает,0,Продажи,м
Жансая,32.0,1065.6,Работает,10,Продажи,ж
Дана,44.0,,Не работает,0,Колл-центр,ж
Бауыржан,28.0,,Не работает,,IT,м
Ильяс,21.0,902.2,Работает,0,Продажи,м
Бауыржан,19.0,,Работает,1,Колл-центр,м
Ильяс,45.0,,Не работает,0,Продажи,м
Бауыржан,28.0,1741.74,Работает,5,IT,м
Камшат,20.0,1331.2,Работает,2,Продажи,ж
Асылхан,20.0,1681.37,Работает,1,Колл-центр,м
Айдана,18.0,,Не работает,0,IT,ж
Асылхан,59.0,,Не работает,,IT,м
Дана,25.0,,Не работает,0,Продажи,ж
Гульназ,41.0,2349.38,Работает,9,Продажи,ж
Асылхан,,2112.74,Работает,4,Колл-центр,м
Ильяс,46.0,997.78,Работает,15,Колл-центр,м
Ербол,42.0,,Не работает,0,Продажи,м
Ербол,38.0,1767.4,Работает,13,Продажи,м
Асылхан,24.0,2224.04,Работает,2,Продажи,м
Айдана,30.0,,Не работает,0,IT,ж
Айдана,21.0,1441.87,Работает,1,Колл-центр,ж
Асылхан,52.0,,Работает,10,Продажи,м
Камшат,28.0,,Не работает,,Колл-центр,ж
Ильяс,60.0,,Не работает,0,Продажи,м
Айдана,25.0,,Не работает,0,Продажи,ж
Дана,,1738.14,Работает,9,Продажи,ж
Жансая,60.0,757.9,Работает,5,Продажи,ж
Ильяс,24.0,,Не работает,0,Колл-центр,м
Жансая,32.0,1169.79,Работает,2,Колл-центр,ж
Ербол,33.0,3732.02,Работает,14,IT,м
Камшат,41.0,,Не работает,0,Колл-центр,ж
Бауыржан,55.0,,Не работает,0,Колл-центр,м
Асылхан,35.0,1639.2,Работает,1,IT,м
Гульназ,20.0,,Не работает,0,Колл-центр,ж
Айдана,35.0,,Не работает,0,IT,ж
Ильяс,20.0,3143.14,Работает,0,IT,м
Айдана,39.0,,Не работает,0,IT,ж
Жансая,59.0,2377.62,Работает,13,Продажи,ж
Асылхан,38.0,1899.56,Работает,2,Продажи,м
Дана,47.0,,Не работает,0,IT,ж
Зауреш,,1732.16,Работает,1,IT,ж
Айдана,31.0,1992.82,Работает,,IT,ж
Айдана,,1640.88,Работает,3,Продажи,ж
Айдана,59.0,1705.54,Работает,4,Колл-центр,ж
Ербол,52.0,,Не работает,0,IT,м
Дана,36.0,,Не работает,0,Колл-центр,ж
Ильяс,28.0,3750.36,Работает,3,IT,м
Жансая,41.0,1369.2,Работает,10,Продажи,ж
Гульназ,47.0,,Не работает,0,IT,ж
Дана,37.0,663.36,Работает,10,Колл-центр,ж
Асылхан,21.0,1734.62,Работает,2,Продажи,м
Айдана,58.0,,Не работает,0,IT,ж
Айдана,25.0,1528.8,Работает,6,IT,ж
Камшат,36.0,1952.6,Работает,15,Продажи,ж
Жансая,31.0,,Не работает,0,Продажи,ж
Ильяс,20.0,821.06,Работает,1,Колл-центр,м
Зауреш,35.0,,Не работает,0,Колл-центр,ж
Жансая,31.0,,Не работает,0,Продажи,ж
Бауыржан,22.0,,Не работает,0,Продажи,м
Бауыржан,34.0,,Не работает,0,Продажи,м
Дана,44.0,,Не работает,0,Колл-центр,ж
Дана,33.0,,Не работает,0,Продажи,ж
Камшат,40.0,1757.6,Работает,2,Продажи,ж
Камшат,21.0,1419.55,Работает,3,Колл-центр,ж
Дана,53.0,,Не работает,0,Продажи,ж
Бауыржан,40.0,,Не работает,0,Колл-центр,м
Камшат,29.0,,Не работает,0,Продажи,ж
Ербол,59.0,1995.96,Работает,7,IT,м
Жансая,38.0,,Не работает,,Колл-центр,ж
Ильяс,23.0,,Не работает,0,Колл-центр,м
Асылхан,33.0,1131.52,Работает,14,Колл-центр,м
Камшат,23.0,,Не работает,0,Продажи,ж
Ербол,33.0,2572.49,Работает,11,Продажи,м
Жансая,49.0,1903.2,Работает,2,Продажи,ж
Зауреш,27.0,,Не работает,0,Колл-центр,ж
Гульназ,23.0,,Не работает,0,Колл-центр,ж
Гульназ,41.0,,Не работает,0,Продажи,ж
Зауреш,49.0,2734.59,Работает,6,IT,ж
Зауреш,46.0,,Не работает,0,IT,ж
Камшат,31.0,968.4,Работает,10,Продажи,ж
Ильяс,42.0,,Не работает,0,Продажи,м
Дана,40.0,1674.43,Работает,7,Колл-центр,ж
Асылхан,52.0,,Не работает,0,IT,м
Жансая,,,Не работает,0,Колл-центр,ж
Ильяс,26.0,,Не работает,0,Продажи,м
Жансая,35.0,,Не работает,0,Колл-центр,ж
Дана,49.0,,Не работает,0,Продажи,ж
Камшат,41.0,,Не работает,0,Продажи,ж
Ербол,29.0,,Не работает,0,Продажи,м
Зауреш,47.0,1627.08,Работает,15,IT,ж
Жансая,51.0,1092.67,Работает,13,Колл-центр,ж
Камшат,20.0,936.0,Работает,2,Колл-центр,ж
Бауыржан,58.0,,Не работает,0,Продажи,м
Айдана,23.0,1426.76,Работает,3,Продажи,ж
Ильяс,41.0,720.28,Работает,1,Колл-центр,м
Зауреш,54.0,2824.05,Работает,3,IT,ж
Зауреш,44.0,,Не работает,0,IT,ж
Зауреш,21.0,,Не работает,0,IT,ж
Айдана,24.0,1944.32,Работает,6,Продажи,ж
Асылхан,18.0,,Не работает,0,Продажи,м
Камшат,53.0,1035.26,Работает,14,Колл-центр,ж
Камшат,31.0,833.55,Работает,9,Колл-центр,ж
Айдана,55.0,1016.62,Работает,8,IT,ж
Жансая,53.0,,Не работает,0,Колл-центр,ж
Бауыржан,26.0,,Не работает,0,IT,м
Ербол,23.0,1091.06,Работает,2,Продажи,м
Бауыржан,36.0,,Не работает,0,IT,м
Ербол,51.0,,Не работает,0,IT,м
Бауыржан,58.0,1852.14,Работает,5,Колл-центр,м
Гульназ,41.0,1054.37,Работает,13,Колл-центр,ж
Камшат,25.0,1111.5,Работает,7,Продажи,ж
Жансая,29.0,1716.96,Работает,6,IT,ж
Дана,45.0,1120.08,Работает,15,Колл-центр,ж
Гульназ,25.0,3064.6,Работает,,IT,ж
Зауреш,28.0,,Не работает,0,Колл-центр,ж
Камшат,48.0,1575.17,Работает,6,Колл-центр,ж
Бауыржан,25.0,,Не работает,0,IT,м
Асылхан,48.0,2186.86,Работает,15,Продажи,м
Асылхан,,2559.8,Работает,11,Продажи,м
Ильяс,39.0,2075.99,Работает,1,Колл-центр,м
Жансая,21.0,,Не работает,0,IT,ж
Дана,47.0,1701.9,Работает,11,Продажи,ж
Зауреш,22.0,1836.0,Работает,1,Продажи,ж
Ильяс,55.0,,Не работает,0,Продажи,м
Гульназ,59.0,1595.94,Работает,3,Колл-центр,ж
Ильяс,,,Не работает,,Колл-центр,м
Камшат,53.0,,Не работает,0,Продажи,ж
Бауыржан,38.0,2702.65,Работает,15,Колл-центр,м
Бауыржан,,,Не работает,0,Продажи,м
Айдана,44.0,,Не работает,0,Продажи,ж
Камшат,18.0,,Не работает,0,Продажи,ж
Бауыржан,31.0,,Не работает,0,Колл-центр,м
Гульназ,60.0,2640.04,Работает,3,IT,ж
Ербол,51.0,2662.3,Работает,10,IT,м
Асылхан,48.0,1941.26,Работает,1,Колл-центр,м
Асылхан,38.0,,Не работает,0,Колл-центр,м
Айдана,31.0,1403.52,Работает,10,Колл-центр,ж
Гульназ,39.0,,Не работает,0,Колл-центр,ж
Ербол,54.0,1618.24,Работает,0,Колл-центр,м
Ербол,33.0,2738.94,Работает,14,Продажи,м
Дана,56.0,,Не работает,,Продажи,ж
Гульназ,26.0,1935.95,Работает,7,IT,ж
Айдана,35.0,1678.4,Работает,3,IT,ж
Айдана,40.0,987.58,Работает,2,Колл-центр,ж
Ильяс,36.0,1891.64,Работает,14,IT,м
Зауреш,28.0,1343.78,Работает,6,IT,ж
Камшат,37.0,,Не работает,0,IT,ж
Гульназ,21.0,1401.4,Работает,0,IT,ж
Ильяс,36.0,2112.66,Работает,6,Продажи,м
Ербол,54.0,,Не работает,0,IT,м
Жансая,36.0,1466.21,Работает,4,Колл-центр,ж
Жансая,38.0,1567.04,Работает,,Продажи,ж
Жансая,23.0,784.18,Работает,1,Колл-центр,ж
Жансая,41.0,646.18,Работает,3,Колл-центр,ж
Гульназ,39.0,,Не работает,0,Продажи,ж
Асылхан,56.0,1858.27,Работает,10,Колл-центр,м
Асылхан,54.0,2248.38,Работает,15,Колл-центр,м
Асылхан,56.0,,Не работает,0,Колл-центр,м
Гульназ,52.0,,Не работает,,Колл-центр,ж
Жансая,,1792.42,Работает,9,Продажи,ж
Камшат,55.0,1366.34,Работает,3,Продажи,ж
Ильяс,38.0,,Не работает,0,Продажи,м
Камшат,32.0,,Не работает,0,Колл-центр,ж
Ербол,22.0,3388.84,Работает,0,IT,м
Айдана,36.0,,Не работает,0,Продажи,ж
Камшат,27.0,1069.06,Работает,8,Колл-центр,ж
Камшат,51.0,,Не работает,0,Продажи,ж
Бауыржан,31.0,1038.96,Работает,4,Продажи,м
Гульназ,31.0,,Не работает,0,Продажи,ж
Камшат,28.0,,Не работает,0,Продажи,ж
Бауыржан,58.0,1224.29,Работает,4,Продажи,м
Бауыржан,27.0,2795.52,Работает,0,IT,м
Бауыржан,18.0,1097.46,Работает,0,IT,м
Камшат,33.0,,Не работает,0,Колл-центр,ж
Камшат,23.0,,Не работает,0,Продажи,ж
Камшат,60.0,,Работает,,Продажи,ж
Камшат,31.0,621.18,Работает,1,Продажи,ж
Дана,40.0,,Не работает,0,IT,ж
Ильяс,59.0,2294.66,Работает,14,Продажи,м
Ербол,18.0,1309.36,Работает,0,Колл-центр,м
Ильяс,54.0,,Не работает,0,Продажи,м
Асылхан,32.0,1685.87,Работает,9,IT,м
Бауыржан,49.0,,Не работает,0,Продажи,м
Жансая,34.0,1565.62,Работает,3,IT,ж
Бауыржан,21.0,3066.34,Работает,2,IT,м
Зауреш,26.0,959.04,Работает,4,Продажи,ж
Ильяс,30.0,2986.98,Работает,5,IT,м
Жансая,44.0,,Не работает,0,Продажи,ж
Ильяс,59.0,2734.26,Работает,11,Продажи,м
Айдана,43.0,2730.0,Работает,,IT,ж
Дана,23.0,,Не работает,0,Продажи,ж
Ербол,39.0,,Не работает,0,Колл-центр,м
Бауыржан,27.0,,Не работает,0,Продажи,м
Бауыржан,46.0,2266.13,Работает,1,Продажи,м
Бауыржан,41.0,2117.93,Работает,13,Продажи,м
Ербол,18.0,,Не работает,,Колл-центр,м
Гульназ,41.0,1952.28,Работает,1,Продажи,ж
Дана,27.0,500.21,Работает,1,Колл-центр,ж
Гульназ,46.0,1264.02,Работает,9,Колл-центр,ж
Бауыржан,42.0,,Не работает,0,IT,м
Бауыржан,31.0,,Не работает,0,IT,м
Зауреш,26.0,,Не работает,0,Колл-центр,ж
Асылхан,47.0,1960.36,Работает,13,Колл-центр,м
Ильяс,46.0,,Не работает,0,Продажи,м
Ербол,20.0,,Не работает,0,Продажи,м
Жансая,30.0,1247.0,Работает,0,Продажи,ж
Бауыржан,34.0,,Не работает,0,Продажи,м
Гульназ,57.0,,Не работает,0,Продажи,ж
Асылхан,41.0,,Не работает,0,Колл-центр,м
Ильяс,25.0,1665.3,Работает,0,IT,м
Жансая,38.0,,Не работает,0,Колл-центр,ж
Ильяс,42.0,2237.66,Работает,10,Колл-центр,м
Жансая,58.0,,Не работает,0,Продажи,ж
Бауыржан,31.0,,Не работает,0,Колл-центр,м
Айдана,33.0,1014.12,Работает,,Продажи,ж
Камшат,57.0,,Не работает,0,Продажи,ж
Зауреш,48.0,,Не работает,0,Продажи,ж
Камшат,60.0,2228.94,Работает,11,Продажи,ж
Ербол,38.0,,Не работает,0,Продажи,м
Ербол,26.0,,Не работает,0,Колл-центр,м
Бауыржан,50.0,,Не работает,0,Колл-центр,м
Жансая,58.0,,Не работает,0,Колл-центр,ж
Гульназ,38.0,,Не работает,0,IT,ж
Ербол,39.0,1838.49,Работает,13,Колл-центр,м
Жансая,59.0,1602.72,Работает,3,Колл-центр,ж
Зауреш,27.0,2768.47,Работает,4,IT,ж
Камшат,46.0,,Не работает,0,Колл-центр,ж
Дана,53.0,2984.69,Работает,4,IT,ж
Зауреш,55.0,,Не работает,0,Колл-центр,ж
Ильяс,22.0,3227.22,Работает,2,IT,м
Ербол,43.0,,Не работает,0,IT,м
Айдана,30.0,2329.71,Работает,12,IT,ж
Асылхан,45.0,1251.12,Работает,10,Продажи,м
Асылхан,43.0,,Не работает,0,Колл-центр,м
Гульназ,36.0,1635.37,Работает,8,IT,ж
Бауыржан,50.0,3496.0,Работает,2,IT,м
Ербол,35.0,1336.17,Работает,7,Колл-центр,м
Зауреш,41.0,639.54,Работает,1,Продажи,ж
Жансая,50.0,,Не работает,0,Продажи,ж
Бауыржан,57.0,1410.86,Работает,7,IT,м
Бауыржан,46.0,863.2,Работает,0,Колл-центр,м
Ербол,53.0,2373.8,Работает,0,Продажи,м
Ербол,,2547.17,Работает,2,Продажи,м
Ербол,20.0,1506.13,Работает,2,Продажи,м
Айдана,19.0,,Не работает,0,Колл-центр,ж
Ербол,38.0,1712.26,Работает,10,Колл-центр,м
Камшат,32.0,,Не работает,0,IT,ж
Жансая,19.0,1171.8,Работает,0,IT,ж
Асылхан,59.0,,Не работает,0,Колл-центр,м
Жансая,20.0,,Не работает,0,Продажи,ж
Ильяс,27.0,,Не работает,,Колл-центр,м
Бауыржан,58.0,,Не работает,0,Продажи,м
Бауыржан,44.0,,Не работает,0,IT,м
Дана,34.0,,Не работает,0,Колл-центр,ж
Ильяс,31.0,1095.12,Работает,2,Продажи,м
Жансая,25.0,1067.22,Работает,5,IT,ж
Ильяс,48.0,2254.46,Работает,8,Продажи,м
Жансая,53.0,,Не работает,0,IT,ж
Гульназ,39.0,,Не работает,0,IT,ж
Ербол,58.0,1493.27,Работает,6,Колл-центр,м
Камшат,56.0,650.4,Работает,0,Колл-центр,ж
Камшат,47.0,1818.96,Работает,15,Колл-центр,ж
Ильяс,49.0,2962.44,Работает,10,Продажи,м
Асылхан,25.0,,Не работает,0,IT,м
Зауреш,35.0,1066.0,Работает,15,Колл-центр,ж
Асылхан,51.0,2976.72,Работает,12,IT,м
Дана,40.0,,Не работает,0,Колл-центр,ж
Гульназ,,,Не работает,0,Продажи,ж
Дана,59.0,,Не работает,0,Продажи,ж
Асылхан,38.0,,Не работает,0,IT,м
Дана,38.0,,Не работает,,IT,ж
Жансая,52.0,1709.4,Работает,5,Продажи,ж
Жансая,54.0,,Не работает,0,Колл-центр,ж
Дана,57.0,1734.88,Работает,6,Продажи,ж
Камшат,,1366.85,Работает,4,Колл-центр,ж
Ильяс,42.0,1611.75,Работает,8,Колл-центр,м
Дана,29.0,,Не работает,0,IT,ж
Ильяс,,2273.7,Работает,0,Продажи,м
Дана,37.0,,Не работает,,Колл-центр,ж
Айдана,20.0,1283.57,Работает,1,Колл-центр,ж
Камшат,19.0,1246.44,Работает,1,Продажи,ж
Асылхан,52.0,,Не работает,0,Продажи,м
Асылхан,46.0,2236.42,Работает,14,Колл-центр,м
Айдана,35.0,1463.53,Работает,7,IT,ж
Жансая,,,Не работает,0,IT,ж
Айдана,29.0,1515.72,Работает,1,Продажи,ж
Камшат,22.0,,Не работает,0,Продажи,ж
Айдана,29.0,,Работает,0,Продажи,ж
Ербол,27.0,,Не работает,0,IT,м
Дана,60.0,,Не работает,0,IT,ж
Жансая,24.0,579.36,Работает,1,Колл-центр,ж
Ербол,27.0,1055.18,Работает,7,Продажи,м
Бауыржан,32.0,,Не работает,0,IT,м
Ербол,24.0,,Не работает,0,Продажи,м
Зауреш,23.0,2396.52,Работает,4,IT,ж
Бауыржан,41.0,1608.73,Работает,8,IT,м
Жансая,37.0,,Не работает,0,Продажи,ж
Бауыржан,,2609.88,Работает,0,IT,м
Асылхан,36.0,1495.34,Работает,7,Продажи,м
Ильяс,38.0,,Не работает,0,IT,м
Гульназ,25.0,2757.27,Работает,3,IT,ж
Жансая,59.0,1088.34,Работает,1,Продажи,ж
Зауреш,45.0,,Не работает,0,IT,ж
Бауыржан,20.0,,Не работает,0,Колл-центр,м
Бауыржан,48.0,,Работает,3,Продажи,м
Гульназ,22.0,2056.32,Работает,4,IT,ж
Жансая,52.0,,Не работает,0,IT,ж
Ильяс,49.0,2076.26,Работает,6,Продажи,м
Ербол,42.0,,Не работает,0,IT,м
Бауыржан,48.0,2560.58,Работает,8,Продажи,м
Жансая,45.0,1161.38,Работает,12,IT,ж
Зауреш,38.0,,Не работает,0,Продажи,ж
Бауыржан,36.0,,Не работает,,IT,м
Ильяс,39.0,1503.4,Работает,3,Продажи,м
Бауыржан,50.0,,Не работает,0,Колл-центр,м
Зауреш,29.0,1806.56,Работает,6,Продажи,ж
Ербол,35.0,4249.85,Работает,11,IT,м
Ильяс,50.0,,Не работает,0,Продажи,м
Гульназ,30.0,683.7,Работает,3,Продажи,ж
Айдана,30.0,,Не работает,,Продажи,ж
Жансая,38.0,1064.36,Работает,9,Продажи,ж
Гульназ,31.0,1439.6,Работает,11,Продажи,ж
Ильяс,28.0,,Работает,7,Колл-центр,м
Дана,19.0,532.0,Работает,0,Колл-центр,ж
Гульназ,37.0,1877.26,Работает,3,Продажи,ж
Жансая,24.0,,Не работает,0,IT,ж
Камшат,54.0,,Не работает,0,IT,ж
Асылхан,35.0,2279.51,Работает,6,Колл-центр,м
Гульназ,18.0,,Не работает,0,Продажи,ж
Дана,24.0,,Не работает,0,IT,ж
Дана,30.0,,Не работает,0,Продажи,ж
Зауреш,53.0,620.0,Работает,0,Продажи,ж
Дана,29.0,1941.84,Работает,8,Продажи,ж
Айдана,27.0,1355.17,Работает,1,IT,ж
Жансая,29.0,,Не работает,0,Продажи,ж
Асылхан,29.0,,Не работает,0,IT,м
Ильяс,38.0,4204.42,Работает,12,IT,м
Айдана,21.0,,Не работает,0,Колл-центр,ж
Бауыржан,49.0,,Не работает,0,Продажи,м
Жансая,33.0,,Не работает,0,Колл-центр,ж
Зауреш,28.0,,Не работает,0,Продажи,ж
Бауыржан,43.0,,Не работает,0,Колл-центр,м
Зауреш,48.0,,Не работает,0,Продажи,ж
Дана,31.0,896.8,Работает,9,Продажи,ж
Ербол,,1871.48,Работает,9,Продажи,м
Айдана,33.0,,Не работает,0,IT,ж
Дана,19.0,,Не работает,0,Продажи,ж
Ербол,46.0,,Не работает,0,IT,м
Гульназ,46.0,,Не работает,0,IT,ж
Жансая,32.0,,Не работает,0,Продажи,ж
Гульназ,49.0,1068.61,Работает,,Колл-центр,ж
Айдана,36.0,,Не работает,0,IT,ж
Дана,24.0,,Не работает,0,Продажи,ж
Ербол,51.0,,Не работает,0,IT,м
Гульназ,57.0,1541.12,Работает,6,Продажи,ж
Зауреш,49.0,,Не работает,0,Колл-центр,ж
Бауыржан,49.0,,Не работает,0,Продажи,м
Дана,60.0,,Не работает,0,Продажи,ж
Ильяс,58.0,1089.38,Работает,8,Колл-центр,м
Зауреш,22.0,654.05,Работает,4,Колл-центр,ж
Ербол,53.0,2699.84,Работает,,Продажи,м
Бауыржан,46.0,1963.65,Работает,7,Продажи,м
Асылхан,27.0,1612.42,Работает,7,Колл-центр,м
Дана,28.0,776.04,Работает,8,Продажи,ж
Ербол,,,Не работает,0,Колл-центр,м
Бауыржан,57.0,,Не работает,0,Продажи,м
Айдана,38.0,1115.81,Работает,9,Колл-центр,ж
Гульназ,28.0,1333.25,Работает,6,Колл-центр,ж
Ербол,28.0,,Не работает,,Продажи,м
Зауреш,45.0,,Не работает,0,Продажи,ж
Бауыржан,35.0,,Не работает,0,IT,м
Зауреш,30.0,,Не работает,0,Колл-центр,ж
Жансая,60.0,,Не работает,0,IT,ж
Асылхан,22.0,,Не работает,0,Колл-центр,м
Гульназ,33.0,1011.84,Работает,10,Колл-центр,ж
Асылхан,45.0,,Не работает,0,Колл-центр,м
Жансая,28.0,1271.59,Работает,8,IT,ж
Камшат,19.0,,Не работает,0,Продажи,ж
Камшат,,,Не работает,0,Колл-центр,ж
Камшат,41.0,2172.84,Работает,7,Продажи,ж
Ильяс,32.0,,Не работает,0,Продажи,м
Айдана,47.0,1569.0,Работает,0,Продажи,ж
Жансая,41.0,1164.94,Работает,3,IT,ж
Дана,53.0,2923.2,Работает,10,IT,ж
Асылхан,23.0,1566.86,Работает,,Колл-центр,м
Ербол,37.0,1434.04,Работает,12,Колл-центр,м
Зауреш,,,Не работает,0,Продажи,ж
Айдана,43.0,,Не работает,0,Продажи,ж
Ильяс,53.0,1040.96,Работает,7,Колл-центр,м
Жансая,51.0,,Не работает,0,Продажи,ж
Бауыржан,42.0,1588.79,Работает,12,IT,м
Гульназ,46.0,2038.12,Работает,8,Продажи,ж
Айдана,33.0,2535.62,Работает,4,IT,ж
Гульназ,30.0,1119.58,Работает,9,Колл-центр,ж
Жансая,30.0,,Не работает,0,Продажи,ж
Камшат,45.0,,Не работает,0,Продажи,ж
Ербол,46.0,,Не работает,0,Колл-центр,м
Бауыржан,45.0,,Не работает,0,Продажи,м
Дана,21.0,737.46,Работает,1,Продажи,ж
Бауыржан,41.0,1433.5,Работает,8,IT,м
Жансая,33.0,,Не работает,0,Продажи,ж
Дана,59.0,1382.98,Работает,6,IT,ж
Асылхан,,,Не работает,0,IT,м
Ербол,31.0,,Не работает,0,Продажи,м
Жансая,31.0,1485.12,Работает,10,Колл-центр,ж
Камшат,56.0,,Не работает,0,Продажи,ж
Камшат,43.0,,Не работает,0,Колл-центр,ж
Айдана,45.0,1604.0,Работает,0,Продажи,ж
Асылхан,60.0,1702.17,Работает,2,Продажи,м
Бауыржан,24.0,,Не работает,0,Колл-центр,м
Бауыржан,49.0,,Не работает,0,IT,м
Ильяс,32.0,,Не работает,0,IT,м
Ербол,57.0,2666.66,Работает,13,Продажи,м
Бауыржан,60.0,1977.98,Работает,2,Продажи,м
Камшат,35.0,,Не работает,0,Колл-центр,ж
Асылхан,33.0,771.91,Работает,9,Колл-центр,м
Бауыржан,19.0,,Не работает,0,Колл-центр,м
Дана,20.0,1043.0,Работает,0,IT,ж
Асылхан,40.0,2252.43,Работает,6,IT,м
Бауыржан,26.0,1220.65,Работает,5,Колл-центр,м
Дана,41.0,,Не работает,0,Колл-центр,ж
Дана,33.0,1690.2,Работает,4,Продажи,ж
Камшат,34.0,1973.7,Работает,1,Продажи,ж
Зауреш,18.0,,Не работает,0,Колл-центр,ж
Камшат,47.0,1615.68,Работает,1,Колл-центр,ж
Ербол,51.0,3655.36,Работает,13,IT,м
Айдана,57.0,,Не работает,0,Продажи,ж
Асылхан,52.0,3710.94,Работает,1,IT,м
Ильяс,25.0,,Не работает,0,IT,м
Зауреш,47.0,,Не работает,,IT,ж
Ербол,27.0,3583.51,Работает,6,IT,м
Асылхан,45.0,,Не работает,0,Колл-центр,м
Ильяс,43.0,,Не работает,,Продажи,м
Дана,21.0,883.73,Работает,1,Колл-центр,ж
Жансая,59.0,,Не работает,,Колл-центр,ж
Асылхан,35.0,,Не работает,0,Колл-центр,м
Дана,29.0,,Не работает,0,IT,ж
Асылхан,50.0,2574.0,Работает,0,Продажи,м
Ербол,42.0,,Не работает,0,IT,м
Камшат,53.0,2880.44,Работает,3,IT,ж
Ербол,50.0,1674.82,Работает,11,Продажи,м
Асылхан,32.0,,Не работает,0,Продажи,м
Айдана,32.0,1368.96,Работает,10,Колл-центр,ж
Зауреш,55.0,2587.31,Работает,2,IT,ж
Асылхан,26.0,,Не работает,0,IT,м
Гульназ,22.0,,Не работает,0,IT,ж
Дана,22.0,,Не работает,0,Колл-центр,ж
Камшат,30.0,1370.28,Работает,7,Продажи,ж
Зауреш,34.0,1047.55,Работает,14,Колл-центр,ж
Жансая,38.0,,Не работает,0,Колл-центр,ж
Дана,47.0,1396.0,Работает,0,Колл-центр,ж
Ильяс,31.0,1342.22,Работает,4,Колл-центр,м
Жансая,46.0,2323.19,Работает,13,IT,ж
Ербол,27.0,2095.6,Работает,0,Продажи,м
Ербол,26.0,2310.1,Работает,0,Продажи,м
Камшат,58.0,1039.44,Работает,11,Продажи,ж
Асылхан,47.0,1626.23,Работает,8,Колл-центр,м
Жансая,36.0,,Не работает,0,Продажи,ж
Бауыржан,33.0,1549.18,Работает,14,Продажи,м
Асылхан,43.0,,Не работает,0,Колл-центр,м
Камшат,33.0,,Не работает,0,Колл-центр,ж
Дана,52.0,751.68,Работает,8,Колл-центр,ж
Гульназ,32.0,,Не работает,0,Колл-центр,ж
Зауреш,56.0,,Не работает,0,IT,ж
Гульназ,47.0,,Не работает,0,Колл-центр,ж
Жансая,43.0,,Не работает,0,Колл-центр,ж
Жансая,49.0,2878.51,Работает,2,IT,ж
Ербол,41.0,2337.66,Работает,4,Продажи,м
Асылхан,43.0,,Работает,4,Продажи,м
Жансая,22.0,,Не работает,0,Колл-центр,ж
Айдана,48.0,1913.86,Работает,14,IT,ж
Зауреш,33.0,,Не работает,0,Продажи,ж
Ильяс,55.0,,Не работает,,Колл-центр,м
Айдана,44.0,1646.7,Работает,5,Продажи,ж
Камшат,48.0,,Не работает,0,Продажи,ж
Жансая,57.0,,Не работает,0,Колл-центр,ж
Асылхан,22.0,,Не работает,0,Продажи,м
Бауыржан,18.0,1159.6,Работает,0,Колл-центр,м
Бауыржан,24.0,,Не работает,0,Колл-центр,м
Гульназ,56.0,,Не работает,0,Продажи,ж
Зауреш,38.0,1936.14,Работает,9,IT,ж
Гульназ,51.0,2175.6,Работает,10,Продажи,ж
Асылхан,31.0,863.12,Работает,6,Колл-центр,м
Камшат,40.0,,Работает,7,Колл-центр,ж
Камшат,30.0,1513.2,Работает,10,Продажи,ж
Ербол,58.0,1182.32,Работает,3,Продажи,м
Бауыржан,56.0,,Не работает,0,Продажи,м
Гульназ,55.0,1665.3,Работает,11,IT,ж
Камшат,27.0,,Не работает,0,IT,ж
Айдана,33.0,,Не работает,0,Колл-центр,ж
Бауыржан,54.0,,Работает,1,Продажи,м
Ербол,22.0,,Не работает,0,IT,м
Айдана,28.0,,Не работает,0,Колл-центр,ж
Дана,53.0,,Не работает,0,Колл-центр,ж
Асылхан,60.0,1697.4,Работает,8,IT,м
Гульназ,34.0,,Не работает,0,IT,ж
Жансая,44.0,,Не работает,0,Продажи,ж
Дана,,2246.24,Работает,1,IT,ж
Зауреш,57.0,,Не работает,0,Колл-центр,ж
Гульназ,34.0,727.26,Работает,1,Продажи,ж
Дана,18.0,,Работает,0,Колл-центр,ж
Гульназ,30.0,1375.92,Работает,2,IT,ж
Камшат,22.0,493.68,Работает,1,Колл-центр,ж
Бауыржан,48.0,4187.82,Работает,15,IT,м
Дана,32.0,,Не работает,0,Колл-центр,ж
Гульназ,39.0,,Не работает,0,Продажи,ж
Ильяс,41.0,,Не работает,0,Колл-центр,м
Гульназ,21.0,,Не работает,,IT,ж
Ильяс,34.0,,Не работает,0,Продажи,м
Дана,49.0,798.34,Работает,13,Колл-центр,ж
Айдана,36.0,,Не работает,0,Продажи,ж
Ербол,36.0,3229.59,Работает,15,Продажи,м
Зауреш,34.0,,Не работает,0,IT,ж
Гульназ,,,Не работает,0,Колл-центр,ж
Бауыржан,29.0,,Не работает,0,Колл-центр,м
Айдана,18.0,787.2,Работает,0,Колл-центр,ж
Ильяс,18.0,,Не работает,0,IT,м
Асылхан,20.0,1116.21,Работает,2,Колл-центр,м
Ербол,41.0,1444.35,Работает,14,Колл-центр,м
Ербол,48.0,1703.52,Работает,15,Колл-центр,м
Айдана,47.0,,Не работает,,IT,ж
Жансая,,1000.64,Работает,3,Продажи,ж
Дана,60.0,,Не работает,0,Колл-центр,ж
Камшат,57.0,1628.22,Работает,2,Колл-центр,ж
Гульназ,20.0,1283.77,Работает,1,IT,ж
Бауыржан,35.0,1206.4,Работает,8,Колл-центр,м
Дана,23.0,1194.96,Работает,2,Продажи,ж
Камшат,47.0,,Не работает,0,IT,ж
Камшат,30.0,,Не работает,0,Продажи,ж
Асылхан,35.0,,Не работает,0,Колл-центр,м
Зауреш,56.0,,Не работает,0,Продажи,ж
Жансая,40.0,,Не работает,0,Продажи,ж
Камшат,36.0,,Не работает,,Колл-центр,ж
Ильяс,47.0,4029.48,Работает,10,IT,м
Дана,22.0,,Не работает,0,IT,ж
Жансая,,745.82,Работает,1,Колл-центр,ж
Дана,38.0,,Не работает,0,Продажи,ж
Ильяс,24.0,1042.77,Работает,1,Колл-центр,м
Ильяс,30.0,966.78,Работает,6,Колл-центр,м
Айдана,21.0,928.8,Работает,0,Колл-центр,ж
Камшат,41.0,1423.3,Работает,13,Колл-центр,ж
Ербол,45.0,,Не работает,,Продажи,м
Дана,20.0,,Не работает,,Продажи,ж
Айдана,37.0,2414.16,Работает,13,Продажи,ж
Гульназ,58.0,,Работает,5,IT,ж
Жансая,,1060.4,Работает,5,Колл-центр,ж
Зауреш,57.0,1801.92,Работает,10,Колл-центр,ж
Айдана,52.0,,Работает,5,Продажи,ж
Ербол,31.0,1755.79,Работает,12,IT,м
Асылхан,45.0,1381.12,Работает,0,Колл-центр,м
Асылхан,46.0,999.4,Работает,6,Колл-центр,м
Бауыржан,60.0,1531.71,Работает,6,Продажи,м
Жансая,29.0,,Не работает,0,Продажи,ж
Жансая,20.0,1113.22,Работает,2,Колл-центр,ж
Айдана,36.0,,Не работает,0,IT,ж
Ербол,32.0,,Не работает,0,Колл-центр,м
Дана,34.0,,Не работает,0,Колл-центр,ж
Ербол,22.0,2720.17,Работает,3,Продажи,м
Гульназ,20.0,,Не работает,0,Продажи,ж
Гульназ,59.0,,Не работает,0,Колл-центр,ж
Зауреш,40.0,,Не работает,0,Колл-центр,ж
Дана,18.0,680.0,Работает,0,Колл-центр,ж
Камшат,20.0,2768.89,Работает,1,IT,ж
Ильяс,43.0,,Не работает,0,IT,м
Зауреш,,1534.18,Работает,13,Колл-центр,ж
Зауреш,52.0,,Не работает,0,IT,ж
Асылхан,44.0,1164.8,Работает,0,IT,м
Гульназ,30.0,,Не работает,0,Продажи,ж
Дана,59.0,,Не работает,0,Продажи,ж
Жансая,50.0,,Не работает,0,Продажи,ж
Гульназ,36.0,2177.7,Работает,11,IT,ж
Ербол,18.0,1366.56,Работает,0,Колл-центр,м
Дана,55.0,,Не работает,0,IT,ж
Ильяс,60.0,,Не работает,0,Колл-центр,м
Дана,26.0,,Не работает,0,Колл-центр,ж
Асылхан,21.0,3492.58,Работает,0,IT,м
Айдана,46.0,,Не работает,0,Колл-центр,ж
Зауреш,22.0,1676.5,Работает,3,Колл-центр,ж
Айдана,18.0,,Не работает,0,Продажи,ж
Айдана,,,Не работает,0,IT,ж
Жансая,55.0,,Не работает,0,Продажи,ж
Ербол,59.0,,Не работает,0,IT,м
Зауреш,57.0,,Не работает,0,Продажи,ж
Камшат,30.0,1426.05,Работает,2,Колл-центр,ж
Жансая,22.0,,Не работает,0,IT,ж
Жансая,44.0,1436.4,Работает,4,IT,ж
Ербол,22.0,1190.8,Работает,0,Продажи,м
Айдана,60.0,1860.77,Работает,2,IT,ж
Бауыржан,,1314.14,Работает,2,Колл-центр,м
Ербол,53.0,659.82,Работает,1,Колл-центр,м
Зауреш,46.0,,Не работает,0,IT,ж
Асылхан,50.0,,Работает,2,Колл-центр,м
Айдана,49.0,1544.42,Работает,8,IT,ж
Ербол,34.0,3104.19,Работает,15,IT,м
Ильяс,29.0,,Не работает,0,IT,м
Жансая,57.0,777.73,Работает,6,Колл-центр,ж
Айдана,39.0,,Не работает,0,Колл-центр,ж
Гульназ,46.0,,Не работает,0,Колл-центр,ж
Ербол,45.0,1838.72,Работает,14,Продажи,м
Бауыржан,32.0,,Не работает,0,Колл-центр,м
Гульназ,40.0,1908.61,Работает,12,Колл-центр,ж
Камшат,40.0,1082.14,Работает,11,Продажи,ж
Бауыржан,49.0,2426.84,Работает,,Колл-центр,м
Жансая,34.0,1857.33,Работает,11,Колл-центр,ж
Бауыржан,24.0,2374.34,Работает,1,IT,м
Жансая,29.0,723.17,Работает,4,Колл-центр,ж
Жансая,44.0,,Не работает,0,Колл-центр,ж
Ербол,52.0,1412.17,Работает,11,Колл-центр,м
Ильяс,54.0,,Не работает,0,Продажи,м
Жансая,48.0,1099.73,Работает,13,Колл-центр,ж
Жансая,18.0,,Не работает,0,Колл-центр,ж
Зауреш,22.0,1548.29,Работает,4,Колл-центр,ж
Гульназ,55.0,2215.61,Работает,3,IT,ж
Дана,21.0,,Работает,0,IT,ж
Камшат,51.0,,Не работает,0,IT,ж
Камшат,21.0,,Не работает,0,Колл-центр,ж
Камшат,24.0,,Не работает,0,IT,ж
Жансая,20.0,,Не работает,0,Продажи,ж
Гульназ,,,Не работает,0,Колл-центр,ж
Камшат,34.0,932.52,Работает,7,Продажи,ж
Ильяс,,,Не работает,0,IT,м
Ильяс,46.0,3128.54,Работает,11,IT,м
Ербол,24.0,,Не работает,0,IT,м
Дана,18.0,1362.2,Работает,0,IT,ж
Айдана,39.0,,Не работает,0,Колл-центр,ж
Айдана,44.0,985.6,Работает,6,Колл-центр,ж
Асылхан,19.0,3427.06,Работает,0,IT,м
Камшат,38.0,,Не работает,0,Продажи,ж
Асылхан,29.0,,Не работает,0,Продажи,м
Айдана,29.0,1655.68,Работает,2,Колл-центр,ж
Ильяс,58.0,,Не работает,0,Продажи,м
Гульназ,49.0,2384.37,Работает,11,IT,ж
Жансая,41.0,,Не работает,0,Продажи,ж
Гульназ,56.0,,Не работает,0,Колл-центр,ж
Айдана,32.0,,Не работает,0,IT,ж
Бауыржан,60.0,,Не работает,0,Продажи,м
Ильяс,,,Не работает,0,IT,м
Айдана,59.0,,Не работает,0,Продажи,ж
Бауыржан,26.0,1256.74,Работает,3,Продажи,м
Гульназ,35.0,1802.32,Работает,15,Колл-центр,ж
Ербол,52.0,1776.32,Работает,0,Колл-центр,м
Ильяс,48.0,,Не работает,0,Продажи,м
Ильяс,33.0,,Не работает,0,Колл-центр,м
Ербол,20.0,,Не работает,0,IT,м
Бауыржан,45.0,1127.03,Работает,2,Колл-центр,м
Камшат,55.0,1344.42,Работает,13,Продажи,ж
Асылхан,35.0,1639.2,Работает,1,IT,м
Асылхан,20.0,1681.37,Работает,1,Колл-центр,м
Дана,43.0,,Не работает,0,Колл-центр,ж
Ильяс,36.0,2112.66,Работает,6,Продажи,м
Ербол,34.0,,Не работает,0,Колл-центр,м
Бауыржан,36.0,,Не работает,,IT,м
Айдана,56.0,1515.9,Работает,,Колл-центр,ж
Дана,47.0,,Не работает,,Продажи,ж
Ербол,50.0,,Не работает,0,Продажи,м
Камшат,36.0,2576.42,Работает,5,IT,ж
Ербол,56.0,,Не работает,0,Продажи,м
Айдана,25.0,,Не работает,0,Продажи,ж
Айдана,56.0,,Не работает,0,Колл-центр,ж
Айдана,55.0,,Не работает,0,IT,ж
Айдана,42.0,,Не работает,,IT,ж
Зауреш,59.0,1662.05,Работает,8,Колл-центр,ж
Дана,26.0,951.48,Работает,4,Продажи,ж
Асылхан,48.0,2186.86,Работает,15,Продажи,м
Гульназ,20.0,1283.77,Работает,1,IT,ж
Айдана,30.0,,Не работает,0,Колл-центр,ж
Бауыржан,56.0,,Не работает,0,Колл-центр,м
Жансая,42.0,,Не работает,0,Продажи,ж
Ильяс,21.0,,Не работает,0,Колл-центр,м
Жансая,30.0,1247.0,Работает,0,Продажи,ж
Бауыржан,32.0,,Не работает,0,IT,м
Ильяс,34.0,,Не работает,0,IT,м
Ильяс,31.0,,Не работает,0,IT,м
Ербол,51.0,,Не работает,0,IT,м
Бауыржан,29.0,,Не работает,0,Продажи,м
Гульназ,23.0,,Не работает,0,Колл-центр,ж
Жансая,31.0,1485.12,Работает,10,Колл-центр,ж
Зауреш,29.0,1499.4,Работает,0,IT,ж
Бауыржан,,1314.14,Работает,2,Колл-центр,м
Асылхан,45.0,1251.12,Работает,10,Продажи,м
Дана,33.0,,Работает,6,Продажи,ж
Дана,20.0,909.0,Работает,0,Продажи,ж
Гульназ,25.0,3064.6,Работает,,IT,ж
Жансая,53.0,,Не работает,,Колл-центр,ж
Айдана,18.0,,Не работает,0,Продажи,ж
Бауыржан,35.0,1997.09,Работает,11,Колл-центр,м
Бауыржан,20.0,,Не работает,0,IT,м
Айдана,19.0,,Не работает,0,Колл-центр,ж
Ербол,30.0,1073.4,Работает,11,Колл-центр,м
Бауыржан,24.0,,Не работает,0,Колл-центр,м
Дана,48.0,,Не работает,0,Колл-центр,ж
Айдана,47.0,1569.0,Работает,0,Продажи,ж
Ербол,,,Не работает,0,Колл-центр,м
Асылхан,46.0,999.4,Работает,6,Колл-центр,м
Ербол,34.0,,Не работает,0,Колл-центр,м
Жансая,54.0,,Не работает,0,IT,ж
Асылхан,23.0,,Не работает,0,Продажи,м
Жансая,21.0,887.22,Работает,3,Продажи,ж
Жансая,29.0,723.17,Работает,4,Колл-центр,ж
Асылхан,46.0,2380.34,Работает,4,IT,м
Зауреш,22.0,1548.29,Работает,4,Колл-центр,ж
Ильяс,31.0,930.07,Работает,5,Колл-центр,м
Айдана,47.0,1117.98,Работает,12,Колл-центр,ж
Гульназ,50.0,,Не работает,0,IT,ж
Зауреш,52.0,,Не работает,0,Колл-центр,ж
Дана,53.0,2923.2,Работает,10,IT,ж
Камшат,45.0,,Не работает,0,Продажи,ж
Бауыржан,59.0,1877.59,Работает,,Продажи,м
Зауреш,34.0,,Не работает,0,Продажи,ж
Ербол,31.0,,Не работает,0,Колл-центр,м
Дана,38.0,1493.28,Работает,11,Продажи,ж
Камшат,55.0,,Не работает,0,IT,ж
Бауыржан,54.0,,Работает,5,IT,м
Дана,59.0,,Не работает,0,Продажи,ж
Ильяс,56.0,,Не работает,0,Продажи,м
Зауреш,22.0,1970.14,Работает,4,IT,ж
Асылхан,45.0,,Не работает,,Колл-центр,м
Ильяс,54.0,,Не работает,0,Продажи,м
Бауыржан,58.0,,Не работает,0,Продажи,м
Бауыржан,45.0,,Не работает,0,Продажи,м
Дана,36.0,,Не работает,0,Колл-центр,ж
Жансая,57.0,,Не работает,0,IT,ж
Айдана,,1340.56,Работает,2,Продажи,ж
Камшат,54.0,,Не работает,0,IT,ж
Камшат,53.0,,Не работает,0,Продажи,ж
Зауреш,41.0,,Не работает,0,Продажи,ж
Ильяс,60.0,3527.52,Работает,5,IT,м
Асылхан,54.0,2248.38,Работает,15,Колл-центр,м
Асылхан,28.0,,Не работает,0,IT,м
Айдана,23.0,1166.26,Работает,2,IT,ж
Айдана,21.0,1441.87,Работает,1,Колл-центр,ж
Ильяс,20.0,,Не работает,0,IT,м
Айдана,24.0,,Работает,2,IT,ж
Ильяс,54.0,,Не работает,0,Продажи,м
Ильяс,45.0,,Не работает,0,Продажи,м
Бауыржан,,1703.52,Работает,15,IT,м
Гульназ,23.0,1878.24,Работает,2,Продажи,ж
Дана,41.0,,Не работает,0,Колл-центр,ж
Дана,22.0,1236.24,Работает,,Продажи,ж
Бауыржан,45.0,1127.03,Работает,2,Колл-центр,м
Гульназ,34.0,,Не работает,0,IT,ж
Асылхан,32.0,,Не работает,0,IT,м
Бауыржан,24.0,2984.95,Работает,2,IT,м
Асылхан,44.0,1971.48,Работает,12,Продажи,м
Ильяс,46.0,3128.54,Работает,11,IT,м
